Testing upload, with new fields.

[10097.255010] TCPLog: in_ack_event - cwnd=97, recv_wnd=44, snd_wnd=297
[10097.256203] TCPLog: in_ack_event - cwnd=97, recv_wnd=44, snd_wnd=297
[10097.257467] TCPLog: in_ack_event - cwnd=97, recv_wnd=44, snd_wnd=297
[10097.258032] TCPLog: in_ack_event - cwnd=97, recv_wnd=44, snd_wnd=297
[10097.260595] TCPLog: in_ack_event - cwnd=97, recv_wnd=44, snd_wnd=297
[10097.260619] TCPLog: in_ack_event - cwnd=97, recv_wnd=44, snd_wnd=297
[10097.261685] TCPLog: in_ack_event - cwnd=97, recv_wnd=44, snd_wnd=297
[10097.262966] TCPLog: in_ack_event - cwnd=97, recv_wnd=44, snd_wnd=297
[10097.264218] TCPLog: in_ack_event - cwnd=97, recv_wnd=44, snd_wnd=297
[10097.264851] TCPLog: in_ack_event - cwnd=97, recv_wnd=44, snd_wnd=297
[10097.267410] TCPLog: in_ack_event - cwnd=97, recv_wnd=44, snd_wnd=297
[10097.267433] TCPLog: in_ack_event - cwnd=97, recv_wnd=44, snd_wnd=248
[10097.267443] TCPLog: set_state - state=TCP_CA_Open - cwnd=97
[10097.267447] TCPLog: cwnd_event - ev=CA_EVENT_COMPLETE_CWR, cwnd=99
[10097.267452] TCPLog: cong_avoid - cwnd=99
[10097.268478] TCPLog: in_ack_event - cwnd=99, recv_wnd=44, snd_wnd=299
[10097.268492] TCPLog: set_state - state=TCP_CA_Disorder - cwnd=99
[10097.268508] TCPLog: in_ack_event - cwnd=99, recv_wnd=44, snd_wnd=301
[10097.269659] TCPLog: in_ack_event - cwnd=99, recv_wnd=44, snd_wnd=303
[10097.269700] TCPLog: ssthresh
[10097.269736] TCPLog: set_state - state=TCP_CA_Recovery - cwnd=99
[10097.270417] TCPLog: in_ack_event - cwnd=95, recv_wnd=44, snd_wnd=305
[10097.270433] TCPLog: in_ack_event - cwnd=94, recv_wnd=44, snd_wnd=307
[10097.271733] TCPLog: in_ack_event - cwnd=94, recv_wnd=44, snd_wnd=309
[10097.272959] TCPLog: in_ack_event - cwnd=93, recv_wnd=44, snd_wnd=311
[10097.272983] TCPLog: in_ack_event - cwnd=93, recv_wnd=44, snd_wnd=313
[10097.272991] TCPLog: in_ack_event - cwnd=92, recv_wnd=44, snd_wnd=315
[10097.274155] TCPLog: in_ack_event - cwnd=92, recv_wnd=44, snd_wnd=317
[10097.274171] TCPLog: in_ack_event - cwnd=91, recv_wnd=44, snd_wnd=319
[10097.275131] TCPLog: in_ack_event - cwnd=91, recv_wnd=44, snd_wnd=321
[10097.275911] TCPLog: in_ack_event - cwnd=90, recv_wnd=44, snd_wnd=323
[10097.276988] TCPLog: in_ack_event - cwnd=90, recv_wnd=44, snd_wnd=325
[10097.277004] TCPLog: in_ack_event - cwnd=89, recv_wnd=44, snd_wnd=327
[10097.277233] TCPLog: in_ack_event - cwnd=89, recv_wnd=44, snd_wnd=329
[10097.278107] TCPLog: in_ack_event - cwnd=88, recv_wnd=44, snd_wnd=331
[10097.278907] TCPLog: in_ack_event - cwnd=88, recv_wnd=44, snd_wnd=333
[10097.280071] TCPLog: in_ack_event - cwnd=87, recv_wnd=44, snd_wnd=335
[10097.280095] TCPLog: in_ack_event - cwnd=87, recv_wnd=44, snd_wnd=337
[10097.280103] TCPLog: in_ack_event - cwnd=86, recv_wnd=44, snd_wnd=339
[10097.281207] TCPLog: in_ack_event - cwnd=86, recv_wnd=44, snd_wnd=341
[10097.281795] TCPLog: in_ack_event - cwnd=85, recv_wnd=44, snd_wnd=343
[10097.283017] TCPLog: in_ack_event - cwnd=85, recv_wnd=44, snd_wnd=345
[10097.283023] TCPLog: in_ack_event - cwnd=84, recv_wnd=44, snd_wnd=347
[10097.284132] TCPLog: in_ack_event - cwnd=84, recv_wnd=44, snd_wnd=349
[10097.284138] TCPLog: in_ack_event - cwnd=83, recv_wnd=44, snd_wnd=351
[10097.285332] TCPLog: in_ack_event - cwnd=83, recv_wnd=44, snd_wnd=353
[10097.285351] TCPLog: in_ack_event - cwnd=82, recv_wnd=44, snd_wnd=355
[10097.286565] TCPLog: in_ack_event - cwnd=82, recv_wnd=44, snd_wnd=357
[10097.286580] TCPLog: in_ack_event - cwnd=81, recv_wnd=44, snd_wnd=359
[10097.287049] TCPLog: in_ack_event - cwnd=81, recv_wnd=44, snd_wnd=361
[10097.287945] TCPLog: in_ack_event - cwnd=80, recv_wnd=44, snd_wnd=363
[10097.288585] TCPLog: in_ack_event - cwnd=80, recv_wnd=44, snd_wnd=365
[10097.289211] TCPLog: in_ack_event - cwnd=79, recv_wnd=44, snd_wnd=367
[10097.289974] TCPLog: in_ack_event - cwnd=79, recv_wnd=44, snd_wnd=369
[10097.290028] TCPLog: in_ack_event - cwnd=78, recv_wnd=44, snd_wnd=371
[10097.292218] TCPLog: in_ack_event - cwnd=78, recv_wnd=44, snd_wnd=373
[10097.292251] TCPLog: in_ack_event - cwnd=77, recv_wnd=44, snd_wnd=375
[10097.292282] TCPLog: in_ack_event - cwnd=77, recv_wnd=44, snd_wnd=377
[10097.293413] TCPLog: in_ack_event - cwnd=76, recv_wnd=44, snd_wnd=379
[10097.293457] TCPLog: in_ack_event - cwnd=76, recv_wnd=44, snd_wnd=381
[10097.293621] TCPLog: in_ack_event - cwnd=75, recv_wnd=44, snd_wnd=384
[10097.295733] TCPLog: in_ack_event - cwnd=75, recv_wnd=44, snd_wnd=385
[10097.295773] TCPLog: in_ack_event - cwnd=74, recv_wnd=44, snd_wnd=388
[10097.295803] TCPLog: in_ack_event - cwnd=74, recv_wnd=44, snd_wnd=389
[10097.297008] TCPLog: in_ack_event - cwnd=73, recv_wnd=44, snd_wnd=392
[10097.297048] TCPLog: in_ack_event - cwnd=73, recv_wnd=44, snd_wnd=394
[10097.297813] TCPLog: in_ack_event - cwnd=72, recv_wnd=44, snd_wnd=396
[10097.298633] TCPLog: in_ack_event - cwnd=72, recv_wnd=44, snd_wnd=398
[10097.298977] TCPLog: in_ack_event - cwnd=71, recv_wnd=44, snd_wnd=400
[10097.299689] TCPLog: in_ack_event - cwnd=71, recv_wnd=44, snd_wnd=402
[10097.299729] TCPLog: in_ack_event - cwnd=70, recv_wnd=44, snd_wnd=404
[10097.301593] TCPLog: in_ack_event - cwnd=70, recv_wnd=44, snd_wnd=406
[10097.301621] TCPLog: in_ack_event - cwnd=69, recv_wnd=44, snd_wnd=408
[10097.302586] TCPLog: in_ack_event - cwnd=69, recv_wnd=44, snd_wnd=410
[10097.302614] TCPLog: in_ack_event - cwnd=68, recv_wnd=44, snd_wnd=412
[10097.302950] TCPLog: in_ack_event - cwnd=68, recv_wnd=44, snd_wnd=414
[10097.303917] TCPLog: in_ack_event - cwnd=67, recv_wnd=44, snd_wnd=416
[10097.304647] TCPLog: in_ack_event - cwnd=67, recv_wnd=44, snd_wnd=418
[10097.305079] TCPLog: in_ack_event - cwnd=66, recv_wnd=44, snd_wnd=420
[10097.305804] TCPLog: in_ack_event - cwnd=66, recv_wnd=44, snd_wnd=422
[10097.306295] TCPLog: in_ack_event - cwnd=65, recv_wnd=44, snd_wnd=424
[10097.306992] TCPLog: in_ack_event - cwnd=65, recv_wnd=44, snd_wnd=426
[10097.307642] TCPLog: in_ack_event - cwnd=64, recv_wnd=44, snd_wnd=428
[10097.308183] TCPLog: in_ack_event - cwnd=64, recv_wnd=44, snd_wnd=430
[10097.309996] TCPLog: in_ack_event - cwnd=63, recv_wnd=44, snd_wnd=432
[10097.310037] TCPLog: in_ack_event - cwnd=63, recv_wnd=44, snd_wnd=434
[10097.310053] TCPLog: in_ack_event - cwnd=62, recv_wnd=44, snd_wnd=436
[10097.311208] TCPLog: in_ack_event - cwnd=62, recv_wnd=44, snd_wnd=438
[10097.311237] TCPLog: in_ack_event - cwnd=61, recv_wnd=44, snd_wnd=440
[10097.312374] TCPLog: in_ack_event - cwnd=61, recv_wnd=44, snd_wnd=442
[10097.312402] TCPLog: in_ack_event - cwnd=60, recv_wnd=44, snd_wnd=444
[10097.313190] TCPLog: in_ack_event - cwnd=60, recv_wnd=44, snd_wnd=446
[10097.314522] TCPLog: in_ack_event - cwnd=59, recv_wnd=44, snd_wnd=448
[10097.314563] TCPLog: in_ack_event - cwnd=59, recv_wnd=44, snd_wnd=450
[10097.315335] TCPLog: in_ack_event - cwnd=58, recv_wnd=44, snd_wnd=452
[10097.315618] TCPLog: in_ack_event - cwnd=58, recv_wnd=44, snd_wnd=454
[10097.316900] TCPLog: in_ack_event - cwnd=57, recv_wnd=44, snd_wnd=456
[10097.316946] TCPLog: in_ack_event - cwnd=57, recv_wnd=44, snd_wnd=458
[10097.317874] TCPLog: in_ack_event - cwnd=56, recv_wnd=44, snd_wnd=460
[10097.317928] TCPLog: in_ack_event - cwnd=56, recv_wnd=44, snd_wnd=462
[10097.318363] TCPLog: in_ack_event - cwnd=55, recv_wnd=44, snd_wnd=464
[10097.318933] TCPLog: in_ack_event - cwnd=55, recv_wnd=44, snd_wnd=466
[10097.319637] TCPLog: in_ack_event - cwnd=54, recv_wnd=44, snd_wnd=468
[10097.321223] TCPLog: in_ack_event - cwnd=54, recv_wnd=44, snd_wnd=470
[10097.321259] TCPLog: in_ack_event - cwnd=53, recv_wnd=44, snd_wnd=472
[10097.322111] TCPLog: in_ack_event - cwnd=53, recv_wnd=44, snd_wnd=474
[10097.322138] TCPLog: in_ack_event - cwnd=52, recv_wnd=44, snd_wnd=476
[10097.322367] TCPLog: in_ack_event - cwnd=52, recv_wnd=44, snd_wnd=478
[10097.323475] TCPLog: in_ack_event - cwnd=51, recv_wnd=44, snd_wnd=480
[10097.324153] TCPLog: in_ack_event - cwnd=51, recv_wnd=44, snd_wnd=482
[10097.324650] TCPLog: in_ack_event - cwnd=50, recv_wnd=44, snd_wnd=484
[10097.325311] TCPLog: in_ack_event - cwnd=49, recv_wnd=44, snd_wnd=486
[10097.325371] TCPLog: in_ack_event - cwnd=49, recv_wnd=44, snd_wnd=488
[10097.327529] TCPLog: in_ack_event - cwnd=49, recv_wnd=44, snd_wnd=491
[10097.327584] TCPLog: in_ack_event - cwnd=49, recv_wnd=44, snd_wnd=492
[10097.327608] TCPLog: in_ack_event - cwnd=49, recv_wnd=44, snd_wnd=495
[10097.328949] TCPLog: in_ack_event - cwnd=49, recv_wnd=44, snd_wnd=497
[10097.328991] TCPLog: in_ack_event - cwnd=49, recv_wnd=44, snd_wnd=499
[10097.329007] TCPLog: set_state - state=TCP_CA_Open - cwnd=49
[10097.329019] TCPLog: cwnd_event - ev=CA_EVENT_COMPLETE_CWR, cwnd=49
[10097.329032] TCPLog: cong_avoid - cwnd=49
[10097.330109] TCPLog: in_ack_event - cwnd=49, recv_wnd=44, snd_wnd=501
[10097.330140] TCPLog: cong_avoid - cwnd=49
[10097.330168] TCPLog: in_ack_event - cwnd=49, recv_wnd=44, snd_wnd=503
[10097.330181] TCPLog: cong_avoid - cwnd=49
[10097.331086] TCPLog: in_ack_event - cwnd=49, recv_wnd=44, snd_wnd=505
[10097.331093] TCPLog: cong_avoid - cwnd=49
[10097.331730] TCPLog: in_ack_event - cwnd=49, recv_wnd=44, snd_wnd=507
[10097.331735] TCPLog: cong_avoid - cwnd=49
[10097.331753] TCPLog: in_ack_event - cwnd=49, recv_wnd=44, snd_wnd=509
[10097.331757] TCPLog: cong_avoid - cwnd=49
[10097.332642] TCPLog: in_ack_event - cwnd=49, recv_wnd=44, snd_wnd=511
[10097.332666] TCPLog: cong_avoid - cwnd=49
[10097.333218] TCPLog: in_ack_event - cwnd=49, recv_wnd=44, snd_wnd=513
[10097.333242] TCPLog: cong_avoid - cwnd=49
[10097.334121] TCPLog: in_ack_event - cwnd=49, recv_wnd=44, snd_wnd=515
[10097.334146] TCPLog: cong_avoid - cwnd=49
[10097.334879] TCPLog: in_ack_event - cwnd=49, recv_wnd=44, snd_wnd=517
[10097.334905] TCPLog: cong_avoid - cwnd=49
[10097.334918] TCPLog: in_ack_event - cwnd=49, recv_wnd=44, snd_wnd=519
[10097.334930] TCPLog: cong_avoid - cwnd=49
[10097.335956] TCPLog: in_ack_event - cwnd=49, recv_wnd=44, snd_wnd=521
[10097.335980] TCPLog: cong_avoid - cwnd=49
[10097.336656] TCPLog: in_ack_event - cwnd=49, recv_wnd=44, snd_wnd=523
[10097.336682] TCPLog: cong_avoid - cwnd=49
[10097.337156] TCPLog: in_ack_event - cwnd=49, recv_wnd=44, snd_wnd=525
[10097.337179] TCPLog: cong_avoid - cwnd=49
[10097.337874] TCPLog: in_ack_event - cwnd=49, recv_wnd=44, snd_wnd=527
[10097.337898] TCPLog: cong_avoid - cwnd=49
[10097.337910] TCPLog: in_ack_event - cwnd=49, recv_wnd=44, snd_wnd=529
[10097.337922] TCPLog: cong_avoid - cwnd=49
[10097.339143] TCPLog: in_ack_event - cwnd=49, recv_wnd=44, snd_wnd=531
[10097.339169] TCPLog: cong_avoid - cwnd=49
[10097.339830] TCPLog: in_ack_event - cwnd=49, recv_wnd=44, snd_wnd=533
[10097.339862] TCPLog: cong_avoid - cwnd=49
[10097.339880] TCPLog: in_ack_event - cwnd=49, recv_wnd=44, snd_wnd=535
[10097.339892] TCPLog: cong_avoid - cwnd=49
[10097.341022] TCPLog: in_ack_event - cwnd=49, recv_wnd=44, snd_wnd=537
[10097.341047] TCPLog: cong_avoid - cwnd=49
[10097.341071] TCPLog: in_ack_event - cwnd=49, recv_wnd=44, snd_wnd=539
[10097.341083] TCPLog: cong_avoid - cwnd=49
[10097.341568] TCPLog: in_ack_event - cwnd=49, recv_wnd=44, snd_wnd=541
[10097.341593] TCPLog: cong_avoid - cwnd=49
[10097.342735] TCPLog: in_ack_event - cwnd=49, recv_wnd=44, snd_wnd=543
[10097.342758] TCPLog: cong_avoid - cwnd=49
[10097.343324] TCPLog: in_ack_event - cwnd=49, recv_wnd=44, snd_wnd=545
[10097.343347] TCPLog: cong_avoid - cwnd=49
[10097.344009] TCPLog: in_ack_event - cwnd=49, recv_wnd=44, snd_wnd=547
[10097.344033] TCPLog: cong_avoid - cwnd=49
[10097.344677] TCPLog: in_ack_event - cwnd=49, recv_wnd=44, snd_wnd=549
[10097.344701] TCPLog: cong_avoid - cwnd=49
[10097.344726] TCPLog: in_ack_event - cwnd=49, recv_wnd=44, snd_wnd=551
[10097.344739] TCPLog: cong_avoid - cwnd=49
[10097.346704] TCPLog: in_ack_event - cwnd=49, recv_wnd=44, snd_wnd=553
[10097.346737] TCPLog: cong_avoid - cwnd=49
[10097.346762] TCPLog: in_ack_event - cwnd=49, recv_wnd=44, snd_wnd=555
[10097.346779] TCPLog: cong_avoid - cwnd=49
[10097.346791] TCPLog: in_ack_event - cwnd=49, recv_wnd=44, snd_wnd=557
[10097.346803] TCPLog: cong_avoid - cwnd=49
[10097.348099] TCPLog: in_ack_event - cwnd=49, recv_wnd=44, snd_wnd=559
[10097.348124] TCPLog: cong_avoid - cwnd=49
[10097.348148] TCPLog: in_ack_event - cwnd=49, recv_wnd=44, snd_wnd=561
[10097.348160] TCPLog: cong_avoid - cwnd=49
[10097.349621] TCPLog: in_ack_event - cwnd=49, recv_wnd=44, snd_wnd=563
[10097.349646] TCPLog: cong_avoid - cwnd=49
[10097.349675] TCPLog: in_ack_event - cwnd=49, recv_wnd=44, snd_wnd=565
[10097.349687] TCPLog: cong_avoid - cwnd=49
[10097.349751] TCPLog: in_ack_event - cwnd=49, recv_wnd=44, snd_wnd=567
[10097.349756] TCPLog: cong_avoid - cwnd=49
[10097.350688] TCPLog: in_ack_event - cwnd=49, recv_wnd=44, snd_wnd=569
[10097.350724] TCPLog: cong_avoid - cwnd=49
[10097.351222] TCPLog: in_ack_event - cwnd=49, recv_wnd=44, snd_wnd=571
[10097.351245] TCPLog: cong_avoid - cwnd=49
[10097.352480] TCPLog: in_ack_event - cwnd=49, recv_wnd=44, snd_wnd=573
[10097.352504] TCPLog: cong_avoid - cwnd=49
[10097.352532] TCPLog: in_ack_event - cwnd=49, recv_wnd=44, snd_wnd=575
[10097.352544] TCPLog: cong_avoid - cwnd=49
[10097.353724] TCPLog: in_ack_event - cwnd=49, recv_wnd=44, snd_wnd=577
[10097.353747] TCPLog: cong_avoid - cwnd=49
[10097.353775] TCPLog: in_ack_event - cwnd=49, recv_wnd=44, snd_wnd=579
[10097.353787] TCPLog: cong_avoid - cwnd=49
[10097.355278] TCPLog: in_ack_event - cwnd=49, recv_wnd=44, snd_wnd=581
[10097.355304] TCPLog: cong_avoid - cwnd=49
[10097.355328] TCPLog: in_ack_event - cwnd=49, recv_wnd=44, snd_wnd=583
[10097.355341] TCPLog: cong_avoid - cwnd=49
[10097.356549] TCPLog: in_ack_event - cwnd=49, recv_wnd=44, snd_wnd=585
[10097.356585] TCPLog: cong_avoid - cwnd=49
[10097.356613] TCPLog: in_ack_event - cwnd=49, recv_wnd=44, snd_wnd=587
[10097.356625] TCPLog: cong_avoid - cwnd=49
[10097.356636] TCPLog: in_ack_event - cwnd=49, recv_wnd=44, snd_wnd=589
[10097.356648] TCPLog: cong_avoid - cwnd=49
[10097.357607] TCPLog: in_ack_event - cwnd=49, recv_wnd=44, snd_wnd=591
[10097.357632] TCPLog: cong_avoid - cwnd=49
[10097.357645] TCPLog: in_ack_event - cwnd=49, recv_wnd=44, snd_wnd=594
[10097.357656] TCPLog: cong_avoid - cwnd=49
[10097.358607] TCPLog: in_ack_event - cwnd=49, recv_wnd=44, snd_wnd=595
[10097.358632] TCPLog: cong_avoid - cwnd=49
[10097.359335] TCPLog: in_ack_event - cwnd=50, recv_wnd=44, snd_wnd=598
[10097.359361] TCPLog: cong_avoid - cwnd=50
[10097.359374] TCPLog: in_ack_event - cwnd=50, recv_wnd=44, snd_wnd=600
[10097.359387] TCPLog: cong_avoid - cwnd=50
[10097.360342] TCPLog: in_ack_event - cwnd=50, recv_wnd=44, snd_wnd=602
[10097.360375] TCPLog: cong_avoid - cwnd=50
[10097.361084] TCPLog: in_ack_event - cwnd=50, recv_wnd=44, snd_wnd=604
[10097.361108] TCPLog: cong_avoid - cwnd=50
[10097.362420] TCPLog: in_ack_event - cwnd=50, recv_wnd=44, snd_wnd=606
[10097.362444] TCPLog: cong_avoid - cwnd=50
[10097.363667] TCPLog: in_ack_event - cwnd=50, recv_wnd=44, snd_wnd=608
[10097.363691] TCPLog: cong_avoid - cwnd=50
[10097.363727] TCPLog: in_ack_event - cwnd=50, recv_wnd=44, snd_wnd=610
[10097.363746] TCPLog: cong_avoid - cwnd=50
[10097.363762] TCPLog: in_ack_event - cwnd=50, recv_wnd=44, snd_wnd=612
[10097.363774] TCPLog: cong_avoid - cwnd=50
[10097.364847] TCPLog: in_ack_event - cwnd=50, recv_wnd=44, snd_wnd=614
[10097.364883] TCPLog: cong_avoid - cwnd=50
[10097.365317] TCPLog: in_ack_event - cwnd=50, recv_wnd=44, snd_wnd=616
[10097.365352] TCPLog: cong_avoid - cwnd=50
[10097.365366] TCPLog: in_ack_event - cwnd=50, recv_wnd=44, snd_wnd=618
[10097.365379] TCPLog: cong_avoid - cwnd=50
[10097.365968] TCPLog: in_ack_event - cwnd=50, recv_wnd=44, snd_wnd=620
[10097.366001] TCPLog: cong_avoid - cwnd=50
[10097.366806] TCPLog: in_ack_event - cwnd=50, recv_wnd=44, snd_wnd=622
[10097.366839] TCPLog: cong_avoid - cwnd=50
[10097.366868] TCPLog: in_ack_event - cwnd=50, recv_wnd=44, snd_wnd=624
[10097.366888] TCPLog: cong_avoid - cwnd=50
[10097.367912] TCPLog: in_ack_event - cwnd=50, recv_wnd=44, snd_wnd=626
[10097.367945] TCPLog: cong_avoid - cwnd=50
[10097.368609] TCPLog: in_ack_event - cwnd=50, recv_wnd=44, snd_wnd=628
[10097.368633] TCPLog: cong_avoid - cwnd=50
[10097.369123] TCPLog: in_ack_event - cwnd=50, recv_wnd=44, snd_wnd=630
[10097.369149] TCPLog: cong_avoid - cwnd=50
[10097.369817] TCPLog: in_ack_event - cwnd=50, recv_wnd=44, snd_wnd=632
[10097.369841] TCPLog: cong_avoid - cwnd=50
[10097.369854] TCPLog: in_ack_event - cwnd=50, recv_wnd=44, snd_wnd=634
[10097.369866] TCPLog: cong_avoid - cwnd=50
[10097.370624] TCPLog: in_ack_event - cwnd=50, recv_wnd=44, snd_wnd=636
[10097.370648] TCPLog: cong_avoid - cwnd=50
[10097.371305] TCPLog: in_ack_event - cwnd=50, recv_wnd=44, snd_wnd=638
[10097.371328] TCPLog: cong_avoid - cwnd=50
[10097.372684] TCPLog: in_ack_event - cwnd=50, recv_wnd=44, snd_wnd=640
[10097.372721] TCPLog: cong_avoid - cwnd=50
[10097.372746] TCPLog: in_ack_event - cwnd=50, recv_wnd=44, snd_wnd=642
[10097.372763] TCPLog: cong_avoid - cwnd=50
[10097.374128] TCPLog: in_ack_event - cwnd=50, recv_wnd=44, snd_wnd=644
[10097.374160] TCPLog: cong_avoid - cwnd=50
[10097.374187] TCPLog: in_ack_event - cwnd=50, recv_wnd=44, snd_wnd=646
[10097.374201] TCPLog: cong_avoid - cwnd=50
[10097.375264] TCPLog: in_ack_event - cwnd=50, recv_wnd=44, snd_wnd=648
[10097.375287] TCPLog: cong_avoid - cwnd=50
[10097.375320] TCPLog: in_ack_event - cwnd=50, recv_wnd=44, snd_wnd=650
[10097.375337] TCPLog: cong_avoid - cwnd=50
[10097.375353] TCPLog: in_ack_event - cwnd=50, recv_wnd=44, snd_wnd=652
[10097.375366] TCPLog: cong_avoid - cwnd=50
[10097.376605] TCPLog: in_ack_event - cwnd=50, recv_wnd=44, snd_wnd=654
[10097.376640] TCPLog: cong_avoid - cwnd=50
[10097.376669] TCPLog: in_ack_event - cwnd=50, recv_wnd=44, snd_wnd=656
[10097.376683] TCPLog: cong_avoid - cwnd=50
[10097.377659] TCPLog: in_ack_event - cwnd=50, recv_wnd=44, snd_wnd=658
[10097.377692] TCPLog: cong_avoid - cwnd=50
[10097.378286] TCPLog: in_ack_event - cwnd=50, recv_wnd=44, snd_wnd=660
[10097.378311] TCPLog: cong_avoid - cwnd=50
[10097.378933] TCPLog: in_ack_event - cwnd=50, recv_wnd=44, snd_wnd=662
[10097.378960] TCPLog: cong_avoid - cwnd=50
[10097.379516] TCPLog: in_ack_event - cwnd=50, recv_wnd=44, snd_wnd=664
[10097.379539] TCPLog: cong_avoid - cwnd=50
[10097.380577] TCPLog: in_ack_event - cwnd=50, recv_wnd=44, snd_wnd=666
[10097.380602] TCPLog: cong_avoid - cwnd=50
[10097.380627] TCPLog: in_ack_event - cwnd=50, recv_wnd=44, snd_wnd=668
[10097.380644] TCPLog: cong_avoid - cwnd=50
[10097.381178] TCPLog: in_ack_event - cwnd=50, recv_wnd=44, snd_wnd=670
[10097.381202] TCPLog: cong_avoid - cwnd=50
[10097.381902] TCPLog: in_ack_event - cwnd=50, recv_wnd=44, snd_wnd=672
[10097.381926] TCPLog: cong_avoid - cwnd=50
[10097.382516] TCPLog: in_ack_event - cwnd=50, recv_wnd=44, snd_wnd=674
[10097.382539] TCPLog: cong_avoid - cwnd=50
[10097.383317] TCPLog: in_ack_event - cwnd=50, recv_wnd=44, snd_wnd=676
[10097.383341] TCPLog: cong_avoid - cwnd=50
[10097.383354] TCPLog: in_ack_event - cwnd=50, recv_wnd=44, snd_wnd=678
[10097.383366] TCPLog: cong_avoid - cwnd=50
[10097.384466] TCPLog: in_ack_event - cwnd=50, recv_wnd=44, snd_wnd=680
[10097.384491] TCPLog: cong_avoid - cwnd=50
[10097.385172] TCPLog: in_ack_event - cwnd=50, recv_wnd=44, snd_wnd=682
[10097.385195] TCPLog: cong_avoid - cwnd=50
[10097.385219] TCPLog: in_ack_event - cwnd=50, recv_wnd=44, snd_wnd=684
[10097.385237] TCPLog: cong_avoid - cwnd=50
[10097.386389] TCPLog: in_ack_event - cwnd=50, recv_wnd=44, snd_wnd=686
[10097.386434] TCPLog: cong_avoid - cwnd=50
[10097.386476] TCPLog: in_ack_event - cwnd=50, recv_wnd=44, snd_wnd=688
[10097.386497] TCPLog: cong_avoid - cwnd=50
[10097.387406] TCPLog: in_ack_event - cwnd=50, recv_wnd=44, snd_wnd=690
[10097.387447] TCPLog: cong_avoid - cwnd=50
[10097.388098] TCPLog: in_ack_event - cwnd=50, recv_wnd=44, snd_wnd=692
[10097.388135] TCPLog: cong_avoid - cwnd=50
[10097.388685] TCPLog: in_ack_event - cwnd=50, recv_wnd=44, snd_wnd=694
[10097.388740] TCPLog: cong_avoid - cwnd=50
[10097.389366] TCPLog: in_ack_event - cwnd=50, recv_wnd=44, snd_wnd=696
[10097.389419] TCPLog: cong_avoid - cwnd=50
[10097.389943] TCPLog: in_ack_event - cwnd=51, recv_wnd=44, snd_wnd=699
[10097.389968] TCPLog: cong_avoid - cwnd=51
[10097.390658] TCPLog: in_ack_event - cwnd=51, recv_wnd=44, snd_wnd=701
[10097.390683] TCPLog: cong_avoid - cwnd=51
[10097.392298] TCPLog: in_ack_event - cwnd=51, recv_wnd=44, snd_wnd=703
[10097.392323] TCPLog: cong_avoid - cwnd=51
[10097.392336] TCPLog: in_ack_event - cwnd=51, recv_wnd=44, snd_wnd=705
[10097.392348] TCPLog: cong_avoid - cwnd=51
[10097.392359] TCPLog: in_ack_event - cwnd=51, recv_wnd=44, snd_wnd=707
[10097.392371] TCPLog: cong_avoid - cwnd=51
[10097.393379] TCPLog: in_ack_event - cwnd=51, recv_wnd=44, snd_wnd=709
[10097.393406] TCPLog: cong_avoid - cwnd=51
[10097.393418] TCPLog: in_ack_event - cwnd=51, recv_wnd=44, snd_wnd=711
[10097.393429] TCPLog: cong_avoid - cwnd=51
[10097.394921] TCPLog: in_ack_event - cwnd=51, recv_wnd=44, snd_wnd=713
[10097.394958] TCPLog: cong_avoid - cwnd=51
[10097.394970] TCPLog: in_ack_event - cwnd=51, recv_wnd=44, snd_wnd=715
[10097.394981] TCPLog: cong_avoid - cwnd=51
[10097.396109] TCPLog: in_ack_event - cwnd=51, recv_wnd=44, snd_wnd=717
[10097.396142] TCPLog: cong_avoid - cwnd=51
[10097.396156] TCPLog: in_ack_event - cwnd=51, recv_wnd=44, snd_wnd=719
[10097.396169] TCPLog: cong_avoid - cwnd=51
[10097.397328] TCPLog: in_ack_event - cwnd=51, recv_wnd=44, snd_wnd=721
[10097.397385] TCPLog: cong_avoid - cwnd=51
[10097.397399] TCPLog: in_ack_event - cwnd=51, recv_wnd=44, snd_wnd=723
[10097.397412] TCPLog: cong_avoid - cwnd=51
[10097.398577] TCPLog: in_ack_event - cwnd=51, recv_wnd=44, snd_wnd=725
[10097.398605] TCPLog: cong_avoid - cwnd=51
[10097.398618] TCPLog: in_ack_event - cwnd=51, recv_wnd=44, snd_wnd=727
[10097.398630] TCPLog: cong_avoid - cwnd=51
[10097.398641] TCPLog: in_ack_event - cwnd=51, recv_wnd=44, snd_wnd=729
[10097.398652] TCPLog: cong_avoid - cwnd=51
[10097.400630] TCPLog: in_ack_event - cwnd=51, recv_wnd=44, snd_wnd=731
[10097.400664] TCPLog: cong_avoid - cwnd=51
[10097.400676] TCPLog: in_ack_event - cwnd=51, recv_wnd=44, snd_wnd=733
[10097.400687] TCPLog: cong_avoid - cwnd=51
[10097.401826] TCPLog: in_ack_event - cwnd=51, recv_wnd=44, snd_wnd=735
[10097.401863] TCPLog: cong_avoid - cwnd=51
[10097.401876] TCPLog: in_ack_event - cwnd=51, recv_wnd=44, snd_wnd=737
[10097.401887] TCPLog: cong_avoid - cwnd=51
[10097.401898] TCPLog: in_ack_event - cwnd=51, recv_wnd=44, snd_wnd=739
[10097.401909] TCPLog: cong_avoid - cwnd=51
[10097.403415] TCPLog: in_ack_event - cwnd=51, recv_wnd=44, snd_wnd=741
[10097.403448] TCPLog: cong_avoid - cwnd=51
[10097.403460] TCPLog: in_ack_event - cwnd=51, recv_wnd=44, snd_wnd=743
[10097.403474] TCPLog: cong_avoid - cwnd=51
[10097.404882] TCPLog: in_ack_event - cwnd=51, recv_wnd=44, snd_wnd=745
[10097.404907] TCPLog: cong_avoid - cwnd=51
[10097.404919] TCPLog: in_ack_event - cwnd=51, recv_wnd=44, snd_wnd=747
[10097.404931] TCPLog: cong_avoid - cwnd=51
[10097.404942] TCPLog: in_ack_event - cwnd=51, recv_wnd=44, snd_wnd=749
[10097.404953] TCPLog: cong_avoid - cwnd=51
[10097.406371] TCPLog: in_ack_event - cwnd=51, recv_wnd=44, snd_wnd=751
[10097.406397] TCPLog: cong_avoid - cwnd=51
[10097.406409] TCPLog: in_ack_event - cwnd=51, recv_wnd=44, snd_wnd=753
[10097.406439] TCPLog: cong_avoid - cwnd=51
[10097.407956] TCPLog: in_ack_event - cwnd=51, recv_wnd=44, snd_wnd=755
[10097.407983] TCPLog: cong_avoid - cwnd=51
[10097.407995] TCPLog: in_ack_event - cwnd=51, recv_wnd=44, snd_wnd=757
[10097.408006] TCPLog: cong_avoid - cwnd=51
[10097.408988] TCPLog: in_ack_event - cwnd=51, recv_wnd=44, snd_wnd=759
[10097.409015] TCPLog: cong_avoid - cwnd=51
[10097.409026] TCPLog: in_ack_event - cwnd=51, recv_wnd=44, snd_wnd=761
[10097.409037] TCPLog: cong_avoid - cwnd=51
[10097.410342] TCPLog: in_ack_event - cwnd=51, recv_wnd=44, snd_wnd=763
[10097.410349] TCPLog: cong_avoid - cwnd=51
[10097.410353] TCPLog: in_ack_event - cwnd=51, recv_wnd=44, snd_wnd=765
[10097.410356] TCPLog: cong_avoid - cwnd=51
[10097.411541] TCPLog: in_ack_event - cwnd=51, recv_wnd=44, snd_wnd=767
[10097.411566] TCPLog: cong_avoid - cwnd=51
[10097.411578] TCPLog: in_ack_event - cwnd=51, recv_wnd=44, snd_wnd=769
[10097.411589] TCPLog: cong_avoid - cwnd=51
[10097.412627] TCPLog: in_ack_event - cwnd=51, recv_wnd=44, snd_wnd=771
[10097.412651] TCPLog: cong_avoid - cwnd=51
[10097.412663] TCPLog: in_ack_event - cwnd=51, recv_wnd=44, snd_wnd=773
[10097.412675] TCPLog: cong_avoid - cwnd=51
[10097.414161] TCPLog: in_ack_event - cwnd=51, recv_wnd=44, snd_wnd=775
[10097.414186] TCPLog: cong_avoid - cwnd=51
[10097.414197] TCPLog: in_ack_event - cwnd=51, recv_wnd=44, snd_wnd=777
[10097.414209] TCPLog: cong_avoid - cwnd=51
[10097.414220] TCPLog: in_ack_event - cwnd=51, recv_wnd=44, snd_wnd=779
[10097.414231] TCPLog: cong_avoid - cwnd=51
[10097.415817] TCPLog: in_ack_event - cwnd=51, recv_wnd=44, snd_wnd=781
[10097.415841] TCPLog: cong_avoid - cwnd=51
[10097.415853] TCPLog: in_ack_event - cwnd=51, recv_wnd=44, snd_wnd=783
[10097.415865] TCPLog: cong_avoid - cwnd=51
[10097.417342] TCPLog: in_ack_event - cwnd=51, recv_wnd=44, snd_wnd=785
[10097.417365] TCPLog: cong_avoid - cwnd=51
[10097.417377] TCPLog: in_ack_event - cwnd=51, recv_wnd=44, snd_wnd=787
[10097.417389] TCPLog: cong_avoid - cwnd=51
[10097.417400] TCPLog: in_ack_event - cwnd=51, recv_wnd=44, snd_wnd=789
[10097.417411] TCPLog: cong_avoid - cwnd=51
[10097.418529] TCPLog: in_ack_event - cwnd=51, recv_wnd=44, snd_wnd=791
[10097.418554] TCPLog: cong_avoid - cwnd=51
[10097.418565] TCPLog: in_ack_event - cwnd=51, recv_wnd=44, snd_wnd=793
[10097.418576] TCPLog: cong_avoid - cwnd=51
[10097.420064] TCPLog: in_ack_event - cwnd=51, recv_wnd=44, snd_wnd=795
[10097.420088] TCPLog: cong_avoid - cwnd=51
[10097.420103] TCPLog: in_ack_event - cwnd=51, recv_wnd=44, snd_wnd=797
[10097.420115] TCPLog: cong_avoid - cwnd=51
[10097.421277] TCPLog: in_ack_event - cwnd=51, recv_wnd=44, snd_wnd=799
[10097.421301] TCPLog: cong_avoid - cwnd=51
[10097.421314] TCPLog: in_ack_event - cwnd=52, recv_wnd=44, snd_wnd=802
[10097.421326] TCPLog: cong_avoid - cwnd=52
[10097.421353] TCPLog: in_ack_event - cwnd=52, recv_wnd=44, snd_wnd=802
[10097.421401] TCPLog: in_ack_event - cwnd=52, recv_wnd=44, snd_wnd=802
[10097.438002] TCPLog: in_ack_event - cwnd=52, recv_wnd=44, snd_wnd=802
[10097.438047] TCPLog: cong_avoid - cwnd=52
[10097.441208] TCPLog: in_ack_event - cwnd=10, recv_wnd=44, snd_wnd=45
[10097.441339] TCPLog: cwnd_event - ev=CA_EVENT_TX_START, cwnd=10
[10097.457722] TCPLog: in_ack_event - cwnd=10, recv_wnd=44, snd_wnd=45
[10097.457773] TCPLog: cong_avoid - cwnd=10
[10097.457816] TCPLog: in_ack_event - cwnd=11, recv_wnd=44, snd_wnd=44
[10097.457830] TCPLog: cong_avoid - cwnd=11
[10097.458926] TCPLog: in_ack_event - cwnd=12, recv_wnd=44, snd_wnd=44
[10097.458956] TCPLog: cong_avoid - cwnd=12
[10097.458985] TCPLog: in_ack_event - cwnd=13, recv_wnd=44, snd_wnd=44
[10097.458998] TCPLog: cong_avoid - cwnd=13
[10097.460034] TCPLog: in_ack_event - cwnd=14, recv_wnd=44, snd_wnd=44
[10097.460062] TCPLog: cong_avoid - cwnd=14
[10097.460088] TCPLog: in_ack_event - cwnd=15, recv_wnd=44, snd_wnd=44
[10097.460101] TCPLog: cong_avoid - cwnd=15
[10097.461391] TCPLog: in_ack_event - cwnd=16, recv_wnd=44, snd_wnd=44
[10097.461417] TCPLog: cong_avoid - cwnd=16
[10097.461461] TCPLog: in_ack_event - cwnd=17, recv_wnd=44, snd_wnd=44
[10097.461475] TCPLog: cong_avoid - cwnd=17
[10097.462657] TCPLog: in_ack_event - cwnd=18, recv_wnd=44, snd_wnd=44
[10097.462681] TCPLog: cong_avoid - cwnd=18
[10097.462707] TCPLog: in_ack_event - cwnd=19, recv_wnd=44, snd_wnd=44
[10097.462730] TCPLog: cong_avoid - cwnd=19
[10097.474869] TCPLog: in_ack_event - cwnd=20, recv_wnd=44, snd_wnd=44
[10097.474892] TCPLog: cong_avoid - cwnd=20
[10097.474918] TCPLog: in_ack_event - cwnd=21, recv_wnd=44, snd_wnd=44
[10097.474932] TCPLog: cong_avoid - cwnd=21
[10097.478618] TCPLog: in_ack_event - cwnd=22, recv_wnd=44, snd_wnd=46
[10097.478655] TCPLog: cong_avoid - cwnd=22
[10097.478683] TCPLog: in_ack_event - cwnd=23, recv_wnd=44, snd_wnd=47
[10097.478697] TCPLog: cong_avoid - cwnd=23
[10097.478735] TCPLog: in_ack_event - cwnd=24, recv_wnd=44, snd_wnd=47
[10097.478749] TCPLog: cong_avoid - cwnd=24
[10097.479587] TCPLog: in_ack_event - cwnd=25, recv_wnd=44, snd_wnd=47
[10097.479613] TCPLog: cong_avoid - cwnd=25
[10097.480172] TCPLog: in_ack_event - cwnd=26, recv_wnd=44, snd_wnd=47
[10097.480197] TCPLog: cong_avoid - cwnd=26
[10097.480875] TCPLog: in_ack_event - cwnd=27, recv_wnd=44, snd_wnd=47
[10097.480899] TCPLog: cong_avoid - cwnd=27
[10097.481562] TCPLog: in_ack_event - cwnd=28, recv_wnd=44, snd_wnd=47
[10097.481569] TCPLog: cong_avoid - cwnd=28
[10097.483100] TCPLog: in_ack_event - cwnd=30, recv_wnd=44, snd_wnd=47
[10097.483126] TCPLog: cong_avoid - cwnd=30
[10097.484594] TCPLog: in_ack_event - cwnd=32, recv_wnd=44, snd_wnd=47
[10097.484622] TCPLog: cong_avoid - cwnd=32
[10097.485395] TCPLog: in_ack_event - cwnd=34, recv_wnd=44, snd_wnd=47
[10097.485402] TCPLog: cong_avoid - cwnd=34
[10097.487835] TCPLog: in_ack_event - cwnd=36, recv_wnd=44, snd_wnd=47
[10097.487862] TCPLog: cong_avoid - cwnd=36
[10097.488656] TCPLog: in_ack_event - cwnd=38, recv_wnd=44, snd_wnd=47
[10097.488682] TCPLog: cong_avoid - cwnd=38
[10097.492257] TCPLog: in_ack_event - cwnd=40, recv_wnd=44, snd_wnd=47
[10097.492283] TCPLog: cong_avoid - cwnd=40
[10097.493229] TCPLog: in_ack_event - cwnd=42, recv_wnd=44, snd_wnd=47
[10097.493257] TCPLog: cong_avoid - cwnd=42
[10097.496083] TCPLog: in_ack_event - cwnd=44, recv_wnd=44, snd_wnd=49
[10097.496110] TCPLog: cong_avoid - cwnd=44
[10097.496140] TCPLog: in_ack_event - cwnd=46, recv_wnd=44, snd_wnd=51
[10097.496152] TCPLog: cong_avoid - cwnd=46
[10097.496944] TCPLog: in_ack_event - cwnd=47, recv_wnd=44, snd_wnd=53
[10097.496970] TCPLog: cong_avoid - cwnd=47
[10097.497978] TCPLog: in_ack_event - cwnd=48, recv_wnd=44, snd_wnd=55
[10097.498004] TCPLog: cong_avoid - cwnd=48
[10097.498031] TCPLog: in_ack_event - cwnd=49, recv_wnd=44, snd_wnd=57
[10097.498043] TCPLog: cong_avoid - cwnd=49
[10097.498583] TCPLog: in_ack_event - cwnd=50, recv_wnd=44, snd_wnd=59
[10097.498608] TCPLog: cong_avoid - cwnd=50
[10097.498625] TCPLog: in_ack_event - cwnd=51, recv_wnd=44, snd_wnd=61
[10097.498637] TCPLog: cong_avoid - cwnd=51
[10097.499446] TCPLog: in_ack_event - cwnd=52, recv_wnd=44, snd_wnd=63
[10097.499452] TCPLog: cong_avoid - cwnd=52
[10097.500081] TCPLog: in_ack_event - cwnd=53, recv_wnd=44, snd_wnd=65
[10097.500101] TCPLog: cong_avoid - cwnd=53
[10097.501171] TCPLog: in_ack_event - cwnd=54, recv_wnd=44, snd_wnd=67
[10097.501196] TCPLog: cong_avoid - cwnd=54
[10097.501223] TCPLog: in_ack_event - cwnd=55, recv_wnd=44, snd_wnd=69
[10097.501236] TCPLog: cong_avoid - cwnd=55
[10097.501253] TCPLog: in_ack_event - cwnd=56, recv_wnd=44, snd_wnd=71
[10097.501266] TCPLog: cong_avoid - cwnd=56
[10097.502678] TCPLog: in_ack_event - cwnd=57, recv_wnd=44, snd_wnd=73
[10097.502701] TCPLog: cong_avoid - cwnd=57
[10097.503341] TCPLog: in_ack_event - cwnd=58, recv_wnd=44, snd_wnd=75
[10097.503367] TCPLog: cong_avoid - cwnd=58
[10097.503383] TCPLog: in_ack_event - cwnd=59, recv_wnd=44, snd_wnd=77
[10097.503395] TCPLog: cong_avoid - cwnd=59
[10097.504568] TCPLog: in_ack_event - cwnd=60, recv_wnd=44, snd_wnd=79
[10097.504593] TCPLog: cong_avoid - cwnd=60
[10097.505190] TCPLog: in_ack_event - cwnd=61, recv_wnd=44, snd_wnd=81
[10097.505214] TCPLog: cong_avoid - cwnd=61
[10097.505754] TCPLog: in_ack_event - cwnd=62, recv_wnd=44, snd_wnd=83
[10097.505780] TCPLog: cong_avoid - cwnd=62
[10097.506569] TCPLog: in_ack_event - cwnd=63, recv_wnd=44, snd_wnd=85
[10097.506593] TCPLog: cong_avoid - cwnd=63
[10097.506609] TCPLog: in_ack_event - cwnd=64, recv_wnd=44, snd_wnd=87
[10097.506620] TCPLog: cong_avoid - cwnd=64
[10097.507743] TCPLog: in_ack_event - cwnd=65, recv_wnd=44, snd_wnd=89
[10097.507750] TCPLog: cong_avoid - cwnd=65
[10097.507768] TCPLog: in_ack_event - cwnd=66, recv_wnd=44, snd_wnd=91
[10097.507772] TCPLog: cong_avoid - cwnd=66
[10097.509060] TCPLog: in_ack_event - cwnd=67, recv_wnd=44, snd_wnd=93
[10097.509084] TCPLog: cong_avoid - cwnd=67
[10097.509112] TCPLog: in_ack_event - cwnd=68, recv_wnd=44, snd_wnd=95
[10097.509124] TCPLog: cong_avoid - cwnd=68
[10097.509605] TCPLog: in_ack_event - cwnd=69, recv_wnd=44, snd_wnd=97
[10097.509629] TCPLog: cong_avoid - cwnd=69
[10097.511364] TCPLog: in_ack_event - cwnd=70, recv_wnd=44, snd_wnd=99
[10097.511389] TCPLog: cong_avoid - cwnd=70
[10097.511414] TCPLog: in_ack_event - cwnd=71, recv_wnd=44, snd_wnd=101
[10097.511427] TCPLog: cong_avoid - cwnd=71
[10097.511466] TCPLog: in_ack_event - cwnd=72, recv_wnd=44, snd_wnd=103
[10097.511478] TCPLog: cong_avoid - cwnd=72
[10097.512448] TCPLog: in_ack_event - cwnd=73, recv_wnd=44, snd_wnd=105
[10097.512474] TCPLog: cong_avoid - cwnd=73
[10097.513105] TCPLog: in_ack_event - cwnd=74, recv_wnd=44, snd_wnd=107
[10097.513131] TCPLog: cong_avoid - cwnd=74
[10097.514213] TCPLog: in_ack_event - cwnd=75, recv_wnd=44, snd_wnd=109
[10097.514238] TCPLog: cong_avoid - cwnd=75
[10097.514263] TCPLog: in_ack_event - cwnd=76, recv_wnd=44, snd_wnd=111
[10097.514276] TCPLog: cong_avoid - cwnd=76
[10097.515461] TCPLog: in_ack_event - cwnd=77, recv_wnd=44, snd_wnd=113
[10097.515486] TCPLog: cong_avoid - cwnd=77
[10097.515512] TCPLog: in_ack_event - cwnd=78, recv_wnd=44, snd_wnd=115
[10097.515524] TCPLog: cong_avoid - cwnd=78
[10097.515624] TCPLog: in_ack_event - cwnd=79, recv_wnd=44, snd_wnd=117
[10097.515630] TCPLog: cong_avoid - cwnd=79
[10097.516809] TCPLog: in_ack_event - cwnd=80, recv_wnd=44, snd_wnd=119
[10097.516835] TCPLog: cong_avoid - cwnd=80
[10097.516861] TCPLog: in_ack_event - cwnd=81, recv_wnd=44, snd_wnd=121
[10097.516874] TCPLog: cong_avoid - cwnd=81
[10097.517342] TCPLog: in_ack_event - cwnd=82, recv_wnd=44, snd_wnd=123
[10097.517366] TCPLog: cong_avoid - cwnd=82
[10097.518471] TCPLog: in_ack_event - cwnd=83, recv_wnd=44, snd_wnd=125
[10097.518496] TCPLog: cong_avoid - cwnd=83
[10097.519075] TCPLog: in_ack_event - cwnd=84, recv_wnd=44, snd_wnd=127
[10097.519100] TCPLog: cong_avoid - cwnd=84
[10097.519653] TCPLog: in_ack_event - cwnd=85, recv_wnd=44, snd_wnd=129
[10097.519678] TCPLog: cong_avoid - cwnd=85
[10097.520370] TCPLog: in_ack_event - cwnd=86, recv_wnd=44, snd_wnd=131
[10097.520393] TCPLog: cong_avoid - cwnd=86
[10097.520409] TCPLog: in_ack_event - cwnd=87, recv_wnd=44, snd_wnd=133
[10097.520421] TCPLog: cong_avoid - cwnd=87
[10097.522591] TCPLog: in_ack_event - cwnd=88, recv_wnd=44, snd_wnd=136
[10097.522615] TCPLog: cong_avoid - cwnd=88
[10097.522642] TCPLog: in_ack_event - cwnd=89, recv_wnd=44, snd_wnd=137
[10097.522654] TCPLog: cong_avoid - cwnd=89
[10097.522693] TCPLog: in_ack_event - cwnd=90, recv_wnd=44, snd_wnd=140
[10097.522705] TCPLog: cong_avoid - cwnd=90
[10097.523728] TCPLog: in_ack_event - cwnd=91, recv_wnd=44, snd_wnd=142
[10097.523734] TCPLog: cong_avoid - cwnd=91
[10097.523752] TCPLog: in_ack_event - cwnd=92, recv_wnd=44, snd_wnd=144
[10097.523755] TCPLog: cong_avoid - cwnd=92
[10097.524756] TCPLog: in_ack_event - cwnd=93, recv_wnd=44, snd_wnd=146
[10097.524782] TCPLog: cong_avoid - cwnd=93
[10097.524810] TCPLog: in_ack_event - cwnd=94, recv_wnd=44, snd_wnd=148
[10097.524822] TCPLog: cong_avoid - cwnd=94
[10097.525945] TCPLog: in_ack_event - cwnd=95, recv_wnd=44, snd_wnd=150
[10097.525981] TCPLog: cong_avoid - cwnd=95
[10097.526579] TCPLog: in_ack_event - cwnd=96, recv_wnd=44, snd_wnd=152
[10097.526585] TCPLog: cong_avoid - cwnd=96
[10097.527177] TCPLog: in_ack_event - cwnd=97, recv_wnd=44, snd_wnd=154
[10097.527206] TCPLog: cong_avoid - cwnd=97
[10097.527812] TCPLog: in_ack_event - cwnd=98, recv_wnd=44, snd_wnd=156
[10097.527836] TCPLog: cong_avoid - cwnd=98
[10097.528383] TCPLog: in_ack_event - cwnd=99, recv_wnd=44, snd_wnd=158
[10097.528407] TCPLog: cong_avoid - cwnd=99
[10097.529085] TCPLog: in_ack_event - cwnd=100, recv_wnd=44, snd_wnd=160
[10097.529112] TCPLog: cong_avoid - cwnd=100
[10097.529785] TCPLog: in_ack_event - cwnd=101, recv_wnd=44, snd_wnd=162
[10097.529809] TCPLog: cong_avoid - cwnd=101
[10097.529835] TCPLog: in_ack_event - cwnd=102, recv_wnd=44, snd_wnd=164
[10097.529849] TCPLog: cong_avoid - cwnd=102
[10097.530735] TCPLog: in_ack_event - cwnd=103, recv_wnd=44, snd_wnd=166
[10097.530759] TCPLog: cong_avoid - cwnd=103
[10097.531381] TCPLog: in_ack_event - cwnd=104, recv_wnd=44, snd_wnd=168
[10097.531406] TCPLog: cong_avoid - cwnd=104
[10097.532532] TCPLog: in_ack_event - cwnd=105, recv_wnd=44, snd_wnd=170
[10097.532557] TCPLog: cong_avoid - cwnd=105
[10097.532583] TCPLog: in_ack_event - cwnd=106, recv_wnd=44, snd_wnd=172
[10097.532594] TCPLog: cong_avoid - cwnd=106
[10097.532853] TCPLog: in_ack_event - cwnd=107, recv_wnd=44, snd_wnd=174
[10097.532860] TCPLog: cong_avoid - cwnd=107
[10097.533888] TCPLog: in_ack_event - cwnd=108, recv_wnd=44, snd_wnd=176
[10097.533913] TCPLog: cong_avoid - cwnd=108
[10097.534560] TCPLog: in_ack_event - cwnd=109, recv_wnd=44, snd_wnd=178
[10097.534585] TCPLog: cong_avoid - cwnd=109
[10097.536083] TCPLog: in_ack_event - cwnd=110, recv_wnd=44, snd_wnd=180
[10097.536109] TCPLog: cong_avoid - cwnd=110
[10097.536150] TCPLog: in_ack_event - cwnd=111, recv_wnd=44, snd_wnd=182
[10097.536162] TCPLog: cong_avoid - cwnd=111
[10097.536178] TCPLog: in_ack_event - cwnd=112, recv_wnd=44, snd_wnd=184
[10097.536189] TCPLog: cong_avoid - cwnd=112
[10097.537826] TCPLog: in_ack_event - cwnd=113, recv_wnd=44, snd_wnd=186
[10097.537851] TCPLog: cong_avoid - cwnd=113
[10097.537876] TCPLog: in_ack_event - cwnd=114, recv_wnd=44, snd_wnd=188
[10097.537889] TCPLog: cong_avoid - cwnd=114
[10097.538999] TCPLog: in_ack_event - cwnd=115, recv_wnd=44, snd_wnd=190
[10097.539023] TCPLog: cong_avoid - cwnd=115
[10097.539051] TCPLog: in_ack_event - cwnd=116, recv_wnd=44, snd_wnd=192
[10097.539063] TCPLog: cong_avoid - cwnd=116
[10097.540001] TCPLog: in_ack_event - cwnd=117, recv_wnd=44, snd_wnd=194
[10097.540025] TCPLog: cong_avoid - cwnd=117
[10097.540051] TCPLog: in_ack_event - cwnd=118, recv_wnd=44, snd_wnd=195
[10097.540063] TCPLog: cong_avoid - cwnd=118
[10097.541479] TCPLog: in_ack_event - cwnd=119, recv_wnd=44, snd_wnd=195
[10097.541505] TCPLog: cong_avoid - cwnd=119
[10097.541536] TCPLog: in_ack_event - cwnd=121, recv_wnd=44, snd_wnd=195
[10097.541549] TCPLog: cong_avoid - cwnd=121
[10097.542944] TCPLog: in_ack_event - cwnd=122, recv_wnd=44, snd_wnd=195
[10097.542970] TCPLog: cong_avoid - cwnd=122
[10097.544361] TCPLog: in_ack_event - cwnd=124, recv_wnd=44, snd_wnd=195
[10097.544386] TCPLog: cong_avoid - cwnd=124
[10097.545737] TCPLog: in_ack_event - cwnd=126, recv_wnd=44, snd_wnd=195
[10097.545762] TCPLog: cong_avoid - cwnd=126
[10097.546428] TCPLog: in_ack_event - cwnd=128, recv_wnd=44, snd_wnd=195
[10097.546453] TCPLog: cong_avoid - cwnd=128
[10097.548894] TCPLog: in_ack_event - cwnd=130, recv_wnd=44, snd_wnd=197
[10097.548921] TCPLog: cong_avoid - cwnd=130
[10097.548950] TCPLog: in_ack_event - cwnd=132, recv_wnd=44, snd_wnd=199
[10097.548963] TCPLog: cong_avoid - cwnd=132
[10097.548974] TCPLog: in_ack_event - cwnd=133, recv_wnd=44, snd_wnd=201
[10097.548986] TCPLog: cong_avoid - cwnd=133
[10097.550501] TCPLog: in_ack_event - cwnd=134, recv_wnd=44, snd_wnd=204
[10097.550524] TCPLog: cong_avoid - cwnd=134
[10097.550607] TCPLog: in_ack_event - cwnd=135, recv_wnd=44, snd_wnd=206
[10097.550613] TCPLog: cong_avoid - cwnd=135
[10097.551737] TCPLog: in_ack_event - cwnd=136, recv_wnd=44, snd_wnd=208
[10097.551761] TCPLog: cong_avoid - cwnd=136
[10097.551787] TCPLog: in_ack_event - cwnd=137, recv_wnd=44, snd_wnd=210
[10097.551799] TCPLog: cong_avoid - cwnd=137
[10097.552667] TCPLog: in_ack_event - cwnd=138, recv_wnd=44, snd_wnd=211
[10097.552692] TCPLog: cong_avoid - cwnd=138
[10097.553710] TCPLog: in_ack_event - cwnd=139, recv_wnd=44, snd_wnd=211
[10097.553748] TCPLog: cong_avoid - cwnd=139
[10097.554389] TCPLog: in_ack_event - cwnd=141, recv_wnd=44, snd_wnd=211
[10097.554415] TCPLog: cong_avoid - cwnd=141
[10097.556115] TCPLog: in_ack_event - cwnd=142, recv_wnd=44, snd_wnd=211
[10097.556139] TCPLog: cong_avoid - cwnd=142
[10097.557236] TCPLog: in_ack_event - cwnd=144, recv_wnd=44, snd_wnd=211
[10097.557259] TCPLog: cong_avoid - cwnd=144
[10097.557628] TCPLog: in_ack_event - cwnd=146, recv_wnd=44, snd_wnd=211
[10097.557655] TCPLog: cong_avoid - cwnd=146
[10097.558984] TCPLog: in_ack_event - cwnd=148, recv_wnd=44, snd_wnd=211
[10097.559019] TCPLog: cong_avoid - cwnd=148
[10097.560496] TCPLog: in_ack_event - cwnd=150, recv_wnd=44, snd_wnd=211
[10097.560530] TCPLog: cong_avoid - cwnd=150
[10097.561692] TCPLog: in_ack_event - cwnd=152, recv_wnd=44, snd_wnd=211
[10097.561726] TCPLog: cong_avoid - cwnd=152
[10097.562288] TCPLog: in_ack_event - cwnd=154, recv_wnd=44, snd_wnd=211
[10097.562314] TCPLog: cong_avoid - cwnd=154
[10097.564929] TCPLog: in_ack_event - cwnd=156, recv_wnd=44, snd_wnd=211
[10097.564962] TCPLog: cong_avoid - cwnd=156
[10097.564993] TCPLog: in_ack_event - cwnd=158, recv_wnd=44, snd_wnd=211
[10097.565006] TCPLog: cong_avoid - cwnd=158
[10097.566635] TCPLog: in_ack_event - cwnd=160, recv_wnd=44, snd_wnd=211
[10097.566667] TCPLog: cong_avoid - cwnd=160
[10097.567356] TCPLog: in_ack_event - cwnd=162, recv_wnd=44, snd_wnd=211
[10097.567378] TCPLog: cong_avoid - cwnd=162
[10097.569029] TCPLog: in_ack_event - cwnd=164, recv_wnd=44, snd_wnd=211
[10097.569061] TCPLog: cong_avoid - cwnd=164
[10097.569091] TCPLog: in_ack_event - cwnd=165, recv_wnd=44, snd_wnd=211
[10097.569103] TCPLog: cong_avoid - cwnd=165
[10097.570330] TCPLog: in_ack_event - cwnd=167, recv_wnd=44, snd_wnd=211
[10097.570354] TCPLog: cong_avoid - cwnd=167
[10097.571490] TCPLog: in_ack_event - cwnd=168, recv_wnd=44, snd_wnd=211
[10097.571514] TCPLog: cong_avoid - cwnd=168
[10097.572963] TCPLog: in_ack_event - cwnd=170, recv_wnd=44, snd_wnd=211
[10097.572989] TCPLog: cong_avoid - cwnd=170
[10097.573943] TCPLog: in_ack_event - cwnd=172, recv_wnd=44, snd_wnd=211
[10097.573968] TCPLog: cong_avoid - cwnd=172
[10097.575323] TCPLog: in_ack_event - cwnd=174, recv_wnd=44, snd_wnd=211
[10097.575346] TCPLog: cong_avoid - cwnd=174
[10097.576283] TCPLog: in_ack_event - cwnd=176, recv_wnd=44, snd_wnd=211
[10097.576309] TCPLog: cong_avoid - cwnd=176
[10097.577478] TCPLog: in_ack_event - cwnd=178, recv_wnd=44, snd_wnd=211
[10097.577502] TCPLog: cong_avoid - cwnd=178
[10097.578170] TCPLog: in_ack_event - cwnd=180, recv_wnd=44, snd_wnd=211
[10097.578192] TCPLog: cong_avoid - cwnd=180
[10097.580557] TCPLog: in_ack_event - cwnd=182, recv_wnd=44, snd_wnd=211
[10097.580584] TCPLog: cong_avoid - cwnd=182
[10097.581803] TCPLog: in_ack_event - cwnd=184, recv_wnd=44, snd_wnd=211
[10097.581828] TCPLog: cong_avoid - cwnd=184
[10097.583349] TCPLog: in_ack_event - cwnd=186, recv_wnd=44, snd_wnd=211
[10097.583375] TCPLog: cong_avoid - cwnd=186
[10097.583400] TCPLog: in_ack_event - cwnd=188, recv_wnd=44, snd_wnd=211
[10097.583412] TCPLog: cong_avoid - cwnd=188
[10097.584730] TCPLog: in_ack_event - cwnd=190, recv_wnd=44, snd_wnd=211
[10097.584755] TCPLog: cong_avoid - cwnd=190
[10097.585971] TCPLog: in_ack_event - cwnd=192, recv_wnd=44, snd_wnd=211
[10097.585978] TCPLog: cong_avoid - cwnd=192
[10097.587362] TCPLog: in_ack_event - cwnd=194, recv_wnd=44, snd_wnd=211
[10097.587389] TCPLog: set_state - state=TCP_CA_Disorder - cwnd=194
[10097.587401] TCPLog: cong_avoid - cwnd=194
[10097.587432] TCPLog: in_ack_event - cwnd=196, recv_wnd=44, snd_wnd=211
[10097.588029] TCPLog: in_ack_event - cwnd=196, recv_wnd=44, snd_wnd=211
[10097.588055] TCPLog: ssthresh
[10097.588066] TCPLog: set_state - state=TCP_CA_Recovery - cwnd=196
[10097.589086] TCPLog: in_ack_event - cwnd=191, recv_wnd=44, snd_wnd=211
[10097.591319] TCPLog: in_ack_event - cwnd=188, recv_wnd=44, snd_wnd=211
[10097.592589] TCPLog: in_ack_event - cwnd=188, recv_wnd=44, snd_wnd=211
[10097.593421] TCPLog: in_ack_event - cwnd=183, recv_wnd=44, snd_wnd=211
[10097.594162] TCPLog: in_ack_event - cwnd=182, recv_wnd=44, snd_wnd=211
[10097.596121] TCPLog: in_ack_event - cwnd=177, recv_wnd=44, snd_wnd=211
[10097.596161] TCPLog: in_ack_event - cwnd=176, recv_wnd=44, snd_wnd=211
[10097.597236] TCPLog: in_ack_event - cwnd=175, recv_wnd=44, snd_wnd=211
[10097.599069] TCPLog: in_ack_event - cwnd=174, recv_wnd=44, snd_wnd=211
[10097.600361] TCPLog: in_ack_event - cwnd=170, recv_wnd=44, snd_wnd=211
[10097.601707] TCPLog: in_ack_event - cwnd=167, recv_wnd=44, snd_wnd=211
[10097.602613] TCPLog: in_ack_event - cwnd=164, recv_wnd=44, snd_wnd=211
[10097.603528] TCPLog: in_ack_event - cwnd=159, recv_wnd=44, snd_wnd=211
[10097.604714] TCPLog: in_ack_event - cwnd=155, recv_wnd=44, snd_wnd=211
[10097.607140] TCPLog: in_ack_event - cwnd=152, recv_wnd=44, snd_wnd=211
[10097.607182] TCPLog: in_ack_event - cwnd=149, recv_wnd=44, snd_wnd=211
[10097.608505] TCPLog: in_ack_event - cwnd=148, recv_wnd=44, snd_wnd=211
[10097.609832] TCPLog: in_ack_event - cwnd=147, recv_wnd=44, snd_wnd=211
[10097.610607] TCPLog: in_ack_event - cwnd=145, recv_wnd=44, snd_wnd=211
[10097.613077] TCPLog: in_ack_event - cwnd=140, recv_wnd=44, snd_wnd=211
[10097.613120] TCPLog: in_ack_event - cwnd=135, recv_wnd=44, snd_wnd=211
[10097.615516] TCPLog: in_ack_event - cwnd=134, recv_wnd=44, snd_wnd=211
[10097.615561] TCPLog: in_ack_event - cwnd=132, recv_wnd=44, snd_wnd=211
[10097.616962] TCPLog: in_ack_event - cwnd=131, recv_wnd=44, snd_wnd=211
[10097.618193] TCPLog: in_ack_event - cwnd=128, recv_wnd=44, snd_wnd=211
[10097.619436] TCPLog: in_ack_event - cwnd=124, recv_wnd=44, snd_wnd=211
[10097.621341] TCPLog: in_ack_event - cwnd=123, recv_wnd=44, snd_wnd=211
[10097.621400] TCPLog: in_ack_event - cwnd=114, recv_wnd=44, snd_wnd=211
[10097.622679] TCPLog: in_ack_event - cwnd=113, recv_wnd=44, snd_wnd=211
[10097.624250] TCPLog: in_ack_event - cwnd=110, recv_wnd=44, snd_wnd=211
[10097.624981] TCPLog: in_ack_event - cwnd=109, recv_wnd=44, snd_wnd=211
[10097.626034] TCPLog: in_ack_event - cwnd=109, recv_wnd=44, snd_wnd=211
[10097.626792] TCPLog: in_ack_event - cwnd=106, recv_wnd=44, snd_wnd=211
[10097.628923] TCPLog: in_ack_event - cwnd=98, recv_wnd=44, snd_wnd=211
[10097.628966] TCPLog: in_ack_event - cwnd=98, recv_wnd=44, snd_wnd=211
[10097.631176] TCPLog: in_ack_event - cwnd=98, recv_wnd=44, snd_wnd=211
[10097.632192] TCPLog: in_ack_event - cwnd=98, recv_wnd=44, snd_wnd=211
[10097.632235] TCPLog: in_ack_event - cwnd=98, recv_wnd=44, snd_wnd=211
[10097.633745] TCPLog: in_ack_event - cwnd=98, recv_wnd=44, snd_wnd=211
[10097.634375] TCPLog: in_ack_event - cwnd=98, recv_wnd=44, snd_wnd=211
[10097.636854] TCPLog: in_ack_event - cwnd=98, recv_wnd=44, snd_wnd=211
[10097.637708] TCPLog: in_ack_event - cwnd=98, recv_wnd=44, snd_wnd=211
[10097.638173] TCPLog: in_ack_event - cwnd=98, recv_wnd=44, snd_wnd=211
[10097.640205] TCPLog: in_ack_event - cwnd=98, recv_wnd=44, snd_wnd=211
[10097.640247] TCPLog: in_ack_event - cwnd=98, recv_wnd=44, snd_wnd=211
[10097.641405] TCPLog: in_ack_event - cwnd=98, recv_wnd=44, snd_wnd=211
[10097.642543] TCPLog: in_ack_event - cwnd=98, recv_wnd=44, snd_wnd=211
[10097.643346] TCPLog: in_ack_event - cwnd=98, recv_wnd=44, snd_wnd=211
[10097.646070] TCPLog: in_ack_event - cwnd=98, recv_wnd=44, snd_wnd=211
[10097.646119] TCPLog: in_ack_event - cwnd=98, recv_wnd=44, snd_wnd=211
[10097.648639] TCPLog: in_ack_event - cwnd=98, recv_wnd=44, snd_wnd=211
[10097.648684] TCPLog: in_ack_event - cwnd=98, recv_wnd=44, snd_wnd=211
[10097.651000] TCPLog: in_ack_event - cwnd=96, recv_wnd=44, snd_wnd=211
[10097.651042] TCPLog: in_ack_event - cwnd=96, recv_wnd=44, snd_wnd=211
[10097.653423] TCPLog: in_ack_event - cwnd=96, recv_wnd=44, snd_wnd=211
[10097.653479] TCPLog: in_ack_event - cwnd=96, recv_wnd=44, snd_wnd=211
[10097.654938] TCPLog: in_ack_event - cwnd=96, recv_wnd=44, snd_wnd=211
[10097.656287] TCPLog: in_ack_event - cwnd=96, recv_wnd=44, snd_wnd=211
[10097.658782] TCPLog: in_ack_event - cwnd=96, recv_wnd=44, snd_wnd=211
[10097.658837] TCPLog: in_ack_event - cwnd=96, recv_wnd=44, snd_wnd=211
[10097.660255] TCPLog: in_ack_event - cwnd=96, recv_wnd=44, snd_wnd=211
[10097.661287] TCPLog: in_ack_event - cwnd=96, recv_wnd=44, snd_wnd=211
[10097.663396] TCPLog: in_ack_event - cwnd=96, recv_wnd=44, snd_wnd=211
[10097.664585] TCPLog: in_ack_event - cwnd=96, recv_wnd=44, snd_wnd=211
[10097.664615] TCPLog: in_ack_event - cwnd=96, recv_wnd=44, snd_wnd=211
[10097.666877] TCPLog: in_ack_event - cwnd=96, recv_wnd=44, snd_wnd=211
[10097.668140] TCPLog: in_ack_event - cwnd=96, recv_wnd=44, snd_wnd=211
[10097.669390] TCPLog: in_ack_event - cwnd=96, recv_wnd=44, snd_wnd=211
[10097.670387] TCPLog: in_ack_event - cwnd=96, recv_wnd=44, snd_wnd=211
[10097.672198] TCPLog: in_ack_event - cwnd=96, recv_wnd=44, snd_wnd=211
[10097.672234] TCPLog: in_ack_event - cwnd=96, recv_wnd=44, snd_wnd=211
[10097.674183] TCPLog: in_ack_event - cwnd=96, recv_wnd=44, snd_wnd=211
[10097.674220] TCPLog: in_ack_event - cwnd=96, recv_wnd=44, snd_wnd=211
[10097.676882] TCPLog: in_ack_event - cwnd=96, recv_wnd=44, snd_wnd=211
[10097.676916] TCPLog: in_ack_event - cwnd=96, recv_wnd=44, snd_wnd=211
[10097.679125] TCPLog: in_ack_event - cwnd=96, recv_wnd=44, snd_wnd=211
[10097.680684] TCPLog: in_ack_event - cwnd=96, recv_wnd=44, snd_wnd=211
[10097.680734] TCPLog: in_ack_event - cwnd=96, recv_wnd=44, snd_wnd=211
[10097.682845] TCPLog: in_ack_event - cwnd=96, recv_wnd=44, snd_wnd=211
[10097.684325] TCPLog: in_ack_event - cwnd=96, recv_wnd=44, snd_wnd=211
[10097.684350] TCPLog: in_ack_event - cwnd=96, recv_wnd=44, snd_wnd=211
[10097.686941] TCPLog: in_ack_event - cwnd=96, recv_wnd=44, snd_wnd=211
[10097.686980] TCPLog: in_ack_event - cwnd=96, recv_wnd=44, snd_wnd=211
[10097.688797] TCPLog: in_ack_event - cwnd=96, recv_wnd=44, snd_wnd=211
[10097.690095] TCPLog: in_ack_event - cwnd=96, recv_wnd=44, snd_wnd=211
[10097.691298] TCPLog: in_ack_event - cwnd=96, recv_wnd=44, snd_wnd=211
[10097.692462] TCPLog: in_ack_event - cwnd=96, recv_wnd=44, snd_wnd=211
[10097.693867] TCPLog: in_ack_event - cwnd=96, recv_wnd=44, snd_wnd=211
[10097.693903] TCPLog: in_ack_event - cwnd=96, recv_wnd=44, snd_wnd=211
[10097.696069] TCPLog: in_ack_event - cwnd=96, recv_wnd=44, snd_wnd=211
[10097.697612] TCPLog: in_ack_event - cwnd=96, recv_wnd=44, snd_wnd=211
[10097.698773] TCPLog: in_ack_event - cwnd=96, recv_wnd=44, snd_wnd=211
[10097.700177] TCPLog: in_ack_event - cwnd=96, recv_wnd=44, snd_wnd=211
[10097.700204] TCPLog: in_ack_event - cwnd=96, recv_wnd=44, snd_wnd=211
[10097.702604] TCPLog: in_ack_event - cwnd=96, recv_wnd=44, snd_wnd=211
[10097.702642] TCPLog: in_ack_event - cwnd=96, recv_wnd=44, snd_wnd=211
[10097.704852] TCPLog: in_ack_event - cwnd=96, recv_wnd=44, snd_wnd=211
[10097.704881] TCPLog: in_ack_event - cwnd=96, recv_wnd=44, snd_wnd=211
[10097.706986] TCPLog: in_ack_event - cwnd=96, recv_wnd=44, snd_wnd=80
[10097.707043] TCPLog: in_ack_event - cwnd=97, recv_wnd=44, snd_wnd=164
[10097.707059] TCPLog: in_ack_event - cwnd=97, recv_wnd=44, snd_wnd=214
[10097.708099] TCPLog: in_ack_event - cwnd=97, recv_wnd=44, snd_wnd=216
[10097.710952] TCPLog: in_ack_event - cwnd=95, recv_wnd=44, snd_wnd=218
[10097.710995] TCPLog: in_ack_event - cwnd=95, recv_wnd=44, snd_wnd=220
[10097.711014] TCPLog: in_ack_event - cwnd=95, recv_wnd=44, snd_wnd=222
[10097.711030] TCPLog: in_ack_event - cwnd=95, recv_wnd=44, snd_wnd=224
[10097.712100] TCPLog: in_ack_event - cwnd=95, recv_wnd=44, snd_wnd=226
[10097.712143] TCPLog: in_ack_event - cwnd=95, recv_wnd=44, snd_wnd=228
[10097.712161] TCPLog: in_ack_event - cwnd=95, recv_wnd=44, snd_wnd=230
[10097.712176] TCPLog: in_ack_event - cwnd=95, recv_wnd=44, snd_wnd=232
[10097.712696] TCPLog: in_ack_event - cwnd=95, recv_wnd=44, snd_wnd=234
[10097.713892] TCPLog: in_ack_event - cwnd=95, recv_wnd=44, snd_wnd=236
[10097.714635] TCPLog: in_ack_event - cwnd=95, recv_wnd=44, snd_wnd=238
[10097.714674] TCPLog: in_ack_event - cwnd=95, recv_wnd=44, snd_wnd=240
[10097.715651] TCPLog: in_ack_event - cwnd=95, recv_wnd=44, snd_wnd=242
[10097.723870] TCPLog: in_ack_event - cwnd=95, recv_wnd=44, snd_wnd=244
[10097.723911] TCPLog: in_ack_event - cwnd=95, recv_wnd=44, snd_wnd=246
[10097.724945] TCPLog: in_ack_event - cwnd=95, recv_wnd=44, snd_wnd=248
[10097.724989] TCPLog: in_ack_event - cwnd=95, recv_wnd=44, snd_wnd=250
[10097.725027] TCPLog: in_ack_event - cwnd=95, recv_wnd=44, snd_wnd=252
[10097.726709] TCPLog: in_ack_event - cwnd=95, recv_wnd=44, snd_wnd=254
[10097.727917] TCPLog: in_ack_event - cwnd=95, recv_wnd=44, snd_wnd=256
[10097.727956] TCPLog: in_ack_event - cwnd=95, recv_wnd=44, snd_wnd=258
[10097.727974] TCPLog: in_ack_event - cwnd=95, recv_wnd=44, snd_wnd=260
[10097.728967] TCPLog: in_ack_event - cwnd=95, recv_wnd=44, snd_wnd=262
[10097.729007] TCPLog: in_ack_event - cwnd=95, recv_wnd=44, snd_wnd=264
[10097.729290] TCPLog: in_ack_event - cwnd=95, recv_wnd=44, snd_wnd=266
[10097.731191] TCPLog: in_ack_event - cwnd=95, recv_wnd=44, snd_wnd=267
[10097.731234] TCPLog: in_ack_event - cwnd=95, recv_wnd=44, snd_wnd=267
[10097.732376] TCPLog: in_ack_event - cwnd=95, recv_wnd=44, snd_wnd=267
[10097.732416] TCPLog: in_ack_event - cwnd=95, recv_wnd=44, snd_wnd=267
[10097.733965] TCPLog: in_ack_event - cwnd=95, recv_wnd=44, snd_wnd=267
[10097.734577] TCPLog: in_ack_event - cwnd=95, recv_wnd=44, snd_wnd=267
[10097.736164] TCPLog: in_ack_event - cwnd=95, recv_wnd=44, snd_wnd=267
[10097.736757] TCPLog: in_ack_event - cwnd=95, recv_wnd=44, snd_wnd=267
[10097.738878] TCPLog: in_ack_event - cwnd=95, recv_wnd=44, snd_wnd=267
[10097.739958] TCPLog: in_ack_event - cwnd=95, recv_wnd=44, snd_wnd=267
[10097.741560] TCPLog: in_ack_event - cwnd=95, recv_wnd=44, snd_wnd=267
[10097.741629] TCPLog: in_ack_event - cwnd=95, recv_wnd=44, snd_wnd=267
[10097.742958] TCPLog: in_ack_event - cwnd=95, recv_wnd=44, snd_wnd=267
[10097.744224] TCPLog: in_ack_event - cwnd=95, recv_wnd=44, snd_wnd=267
[10097.744830] TCPLog: in_ack_event - cwnd=95, recv_wnd=44, snd_wnd=251
[10097.744865] TCPLog: set_state - state=TCP_CA_Open - cwnd=95
[10097.744877] TCPLog: cwnd_event - ev=CA_EVENT_COMPLETE_CWR, cwnd=98
[10097.744891] TCPLog: cong_avoid - cwnd=98
[10097.745654] TCPLog: in_ack_event - cwnd=98, recv_wnd=44, snd_wnd=269
[10097.745681] TCPLog: cong_avoid - cwnd=98
[10097.746349] TCPLog: in_ack_event - cwnd=98, recv_wnd=44, snd_wnd=271
[10097.746378] TCPLog: cong_avoid - cwnd=98
[10097.746996] TCPLog: in_ack_event - cwnd=98, recv_wnd=44, snd_wnd=273
[10097.747023] TCPLog: cong_avoid - cwnd=98
[10097.747596] TCPLog: in_ack_event - cwnd=98, recv_wnd=44, snd_wnd=275
[10097.747603] TCPLog: cong_avoid - cwnd=98
[10097.747608] TCPLog: in_ack_event - cwnd=98, recv_wnd=44, snd_wnd=278
[10097.747612] TCPLog: cong_avoid - cwnd=98
[10097.749360] TCPLog: in_ack_event - cwnd=98, recv_wnd=44, snd_wnd=280
[10097.749388] TCPLog: cong_avoid - cwnd=98
[10097.749416] TCPLog: in_ack_event - cwnd=98, recv_wnd=44, snd_wnd=282
[10097.749428] TCPLog: cong_avoid - cwnd=98
[10097.750702] TCPLog: in_ack_event - cwnd=98, recv_wnd=44, snd_wnd=284
[10097.750757] TCPLog: cong_avoid - cwnd=98
[10097.750789] TCPLog: in_ack_event - cwnd=98, recv_wnd=44, snd_wnd=285
[10097.750802] TCPLog: cong_avoid - cwnd=98
[10097.750845] TCPLog: in_ack_event - cwnd=98, recv_wnd=44, snd_wnd=285
[10097.750860] TCPLog: cong_avoid - cwnd=98
[10097.753279] TCPLog: in_ack_event - cwnd=98, recv_wnd=44, snd_wnd=285
[10097.753290] TCPLog: cong_avoid - cwnd=98
[10097.754144] TCPLog: in_ack_event - cwnd=98, recv_wnd=44, snd_wnd=287
[10097.754154] TCPLog: cong_avoid - cwnd=98
[10097.754163] TCPLog: in_ack_event - cwnd=98, recv_wnd=44, snd_wnd=289
[10097.754171] TCPLog: cong_avoid - cwnd=98
[10097.754451] TCPLog: in_ack_event - cwnd=98, recv_wnd=44, snd_wnd=291
[10097.754465] TCPLog: cong_avoid - cwnd=98
[10097.755533] TCPLog: in_ack_event - cwnd=98, recv_wnd=44, snd_wnd=293
[10097.755542] TCPLog: cong_avoid - cwnd=98
[10097.756180] TCPLog: in_ack_event - cwnd=98, recv_wnd=44, snd_wnd=295
[10097.756189] TCPLog: cong_avoid - cwnd=98
[10097.756619] TCPLog: in_ack_event - cwnd=98, recv_wnd=44, snd_wnd=297
[10097.756628] TCPLog: cong_avoid - cwnd=98
[10097.757464] TCPLog: in_ack_event - cwnd=98, recv_wnd=44, snd_wnd=299
[10097.757471] TCPLog: cong_avoid - cwnd=98
[10097.757475] TCPLog: in_ack_event - cwnd=98, recv_wnd=44, snd_wnd=301
[10097.757479] TCPLog: cong_avoid - cwnd=98
[10097.758364] TCPLog: in_ack_event - cwnd=98, recv_wnd=44, snd_wnd=303
[10097.758372] TCPLog: cong_avoid - cwnd=98
[10097.760213] TCPLog: in_ack_event - cwnd=98, recv_wnd=44, snd_wnd=305
[10097.760222] TCPLog: cong_avoid - cwnd=98
[10097.760231] TCPLog: in_ack_event - cwnd=98, recv_wnd=44, snd_wnd=307
[10097.760235] TCPLog: cong_avoid - cwnd=98
[10097.760240] TCPLog: in_ack_event - cwnd=98, recv_wnd=44, snd_wnd=309
[10097.760244] TCPLog: cong_avoid - cwnd=98
[10097.760999] TCPLog: in_ack_event - cwnd=98, recv_wnd=44, snd_wnd=311
[10097.761008] TCPLog: cong_avoid - cwnd=98
[10097.762558] TCPLog: in_ack_event - cwnd=98, recv_wnd=44, snd_wnd=313
[10097.762566] TCPLog: cong_avoid - cwnd=98
[10097.762575] TCPLog: in_ack_event - cwnd=98, recv_wnd=44, snd_wnd=315
[10097.762579] TCPLog: cong_avoid - cwnd=98
[10097.762582] TCPLog: in_ack_event - cwnd=98, recv_wnd=44, snd_wnd=317
[10097.762586] TCPLog: cong_avoid - cwnd=98
[10097.763505] TCPLog: in_ack_event - cwnd=98, recv_wnd=44, snd_wnd=319
[10097.763513] TCPLog: cong_avoid - cwnd=98
[10097.763517] TCPLog: in_ack_event - cwnd=98, recv_wnd=44, snd_wnd=321
[10097.763521] TCPLog: cong_avoid - cwnd=98
[10097.764644] TCPLog: in_ack_event - cwnd=98, recv_wnd=44, snd_wnd=323
[10097.764653] TCPLog: cong_avoid - cwnd=98
[10097.765392] TCPLog: in_ack_event - cwnd=98, recv_wnd=44, snd_wnd=325
[10097.765401] TCPLog: cong_avoid - cwnd=98
[10097.766831] TCPLog: in_ack_event - cwnd=98, recv_wnd=44, snd_wnd=327
[10097.766839] TCPLog: cong_avoid - cwnd=98
[10097.766849] TCPLog: in_ack_event - cwnd=98, recv_wnd=44, snd_wnd=329
[10097.766854] TCPLog: cong_avoid - cwnd=98
[10097.766858] TCPLog: in_ack_event - cwnd=98, recv_wnd=44, snd_wnd=331
[10097.766862] TCPLog: cong_avoid - cwnd=98
[10097.768157] TCPLog: in_ack_event - cwnd=98, recv_wnd=44, snd_wnd=333
[10097.768166] TCPLog: cong_avoid - cwnd=98
[10097.768200] TCPLog: in_ack_event - cwnd=98, recv_wnd=44, snd_wnd=335
[10097.768202] TCPLog: cong_avoid - cwnd=98
[10097.768838] TCPLog: in_ack_event - cwnd=98, recv_wnd=44, snd_wnd=337
[10097.768842] TCPLog: set_state - state=TCP_CA_Disorder - cwnd=98
[10097.769309] TCPLog: in_ack_event - cwnd=98, recv_wnd=44, snd_wnd=339
[10097.770757] TCPLog: in_ack_event - cwnd=98, recv_wnd=44, snd_wnd=341
[10097.770765] TCPLog: ssthresh
[10097.770769] TCPLog: set_state - state=TCP_CA_Recovery - cwnd=98
[10097.770781] TCPLog: in_ack_event - cwnd=88, recv_wnd=44, snd_wnd=344
[10097.771826] TCPLog: in_ack_event - cwnd=87, recv_wnd=44, snd_wnd=345
[10097.771843] TCPLog: in_ack_event - cwnd=85, recv_wnd=44, snd_wnd=348
[10097.772598] TCPLog: in_ack_event - cwnd=84, recv_wnd=44, snd_wnd=349
[10097.773423] TCPLog: in_ack_event - cwnd=84, recv_wnd=44, snd_wnd=352
[10097.773434] TCPLog: in_ack_event - cwnd=83, recv_wnd=44, snd_wnd=354
[10097.774324] TCPLog: in_ack_event - cwnd=83, recv_wnd=44, snd_wnd=356
[10097.775156] TCPLog: in_ack_event - cwnd=82, recv_wnd=44, snd_wnd=358
[10097.776145] TCPLog: in_ack_event - cwnd=82, recv_wnd=44, snd_wnd=360
[10097.776163] TCPLog: in_ack_event - cwnd=81, recv_wnd=44, snd_wnd=362
[10097.776405] TCPLog: in_ack_event - cwnd=81, recv_wnd=44, snd_wnd=364
[10097.777187] TCPLog: in_ack_event - cwnd=80, recv_wnd=44, snd_wnd=366
[10097.777852] TCPLog: in_ack_event - cwnd=80, recv_wnd=44, snd_wnd=368
[10097.779332] TCPLog: in_ack_event - cwnd=79, recv_wnd=44, snd_wnd=370
[10097.779350] TCPLog: in_ack_event - cwnd=79, recv_wnd=44, snd_wnd=372
[10097.779357] TCPLog: in_ack_event - cwnd=78, recv_wnd=44, snd_wnd=374
[10097.780678] TCPLog: in_ack_event - cwnd=78, recv_wnd=44, snd_wnd=376
[10097.781329] TCPLog: in_ack_event - cwnd=77, recv_wnd=44, snd_wnd=378
[10097.782344] TCPLog: in_ack_event - cwnd=77, recv_wnd=44, snd_wnd=380
[10097.782359] TCPLog: in_ack_event - cwnd=76, recv_wnd=44, snd_wnd=382
[10097.783968] TCPLog: in_ack_event - cwnd=76, recv_wnd=44, snd_wnd=384
[10097.783983] TCPLog: in_ack_event - cwnd=75, recv_wnd=44, snd_wnd=386
[10097.785189] TCPLog: in_ack_event - cwnd=75, recv_wnd=44, snd_wnd=388
[10097.785208] TCPLog: in_ack_event - cwnd=74, recv_wnd=44, snd_wnd=390
[10097.786132] TCPLog: in_ack_event - cwnd=74, recv_wnd=44, snd_wnd=392
[10097.786150] TCPLog: in_ack_event - cwnd=73, recv_wnd=44, snd_wnd=394
[10097.786443] TCPLog: in_ack_event - cwnd=73, recv_wnd=44, snd_wnd=396
[10097.788668] TCPLog: in_ack_event - cwnd=72, recv_wnd=44, snd_wnd=398
[10097.788701] TCPLog: in_ack_event - cwnd=72, recv_wnd=44, snd_wnd=400
[10097.788710] TCPLog: in_ack_event - cwnd=71, recv_wnd=44, snd_wnd=402
[10097.789690] TCPLog: in_ack_event - cwnd=71, recv_wnd=44, snd_wnd=404
[10097.789707] TCPLog: in_ack_event - cwnd=70, recv_wnd=44, snd_wnd=406
[10097.790679] TCPLog: in_ack_event - cwnd=70, recv_wnd=44, snd_wnd=408
[10097.791390] TCPLog: in_ack_event - cwnd=69, recv_wnd=44, snd_wnd=410
[10097.792459] TCPLog: in_ack_event - cwnd=69, recv_wnd=44, snd_wnd=412
[10097.792476] TCPLog: in_ack_event - cwnd=68, recv_wnd=44, snd_wnd=414
[10097.792614] TCPLog: in_ack_event - cwnd=68, recv_wnd=44, snd_wnd=416
[10097.793588] TCPLog: in_ack_event - cwnd=67, recv_wnd=44, snd_wnd=418
[10097.794386] TCPLog: in_ack_event - cwnd=67, recv_wnd=44, snd_wnd=420
[10097.795587] TCPLog: in_ack_event - cwnd=66, recv_wnd=44, snd_wnd=422
[10097.795611] TCPLog: in_ack_event - cwnd=66, recv_wnd=44, snd_wnd=424
[10097.795620] TCPLog: in_ack_event - cwnd=65, recv_wnd=44, snd_wnd=426
[10097.796616] TCPLog: in_ack_event - cwnd=65, recv_wnd=44, snd_wnd=428
[10097.797287] TCPLog: in_ack_event - cwnd=64, recv_wnd=44, snd_wnd=430
[10097.798636] TCPLog: in_ack_event - cwnd=64, recv_wnd=44, snd_wnd=432
[10097.798657] TCPLog: in_ack_event - cwnd=63, recv_wnd=44, snd_wnd=434
[10097.799814] TCPLog: in_ack_event - cwnd=63, recv_wnd=44, snd_wnd=436
[10097.799836] TCPLog: in_ack_event - cwnd=62, recv_wnd=44, snd_wnd=438
[10097.800856] TCPLog: in_ack_event - cwnd=62, recv_wnd=44, snd_wnd=440
[10097.800878] TCPLog: in_ack_event - cwnd=61, recv_wnd=44, snd_wnd=442
[10097.801875] TCPLog: in_ack_event - cwnd=61, recv_wnd=44, snd_wnd=444
[10097.801897] TCPLog: in_ack_event - cwnd=60, recv_wnd=44, snd_wnd=446
[10097.802476] TCPLog: in_ack_event - cwnd=60, recv_wnd=44, snd_wnd=448
[10097.803460] TCPLog: in_ack_event - cwnd=59, recv_wnd=44, snd_wnd=451
[10097.804069] TCPLog: in_ack_event - cwnd=59, recv_wnd=44, snd_wnd=452
[10097.804628] TCPLog: in_ack_event - cwnd=58, recv_wnd=44, snd_wnd=455
[10097.805291] TCPLog: in_ack_event - cwnd=58, recv_wnd=44, snd_wnd=457
[10097.805312] TCPLog: in_ack_event - cwnd=57, recv_wnd=44, snd_wnd=459
[10097.806339] TCPLog: in_ack_event - cwnd=57, recv_wnd=44, snd_wnd=461
[10097.807069] TCPLog: in_ack_event - cwnd=56, recv_wnd=44, snd_wnd=463
[10097.808429] TCPLog: in_ack_event - cwnd=56, recv_wnd=44, snd_wnd=465
[10097.808450] TCPLog: in_ack_event - cwnd=55, recv_wnd=44, snd_wnd=467
[10097.809694] TCPLog: in_ack_event - cwnd=55, recv_wnd=44, snd_wnd=469
[10097.809714] TCPLog: in_ack_event - cwnd=54, recv_wnd=44, snd_wnd=471
[10097.810919] TCPLog: in_ack_event - cwnd=54, recv_wnd=44, snd_wnd=473
[10097.810941] TCPLog: in_ack_event - cwnd=53, recv_wnd=44, snd_wnd=475
[10097.811992] TCPLog: in_ack_event - cwnd=53, recv_wnd=44, snd_wnd=477
[10097.812014] TCPLog: in_ack_event - cwnd=52, recv_wnd=44, snd_wnd=479
[10097.813391] TCPLog: in_ack_event - cwnd=52, recv_wnd=44, snd_wnd=481
[10097.813411] TCPLog: in_ack_event - cwnd=51, recv_wnd=44, snd_wnd=483
[10097.814374] TCPLog: in_ack_event - cwnd=51, recv_wnd=44, snd_wnd=485
[10097.814412] TCPLog: in_ack_event - cwnd=50, recv_wnd=44, snd_wnd=487
[10097.814574] TCPLog: in_ack_event - cwnd=49, recv_wnd=44, snd_wnd=489
[10097.815395] TCPLog: in_ack_event - cwnd=49, recv_wnd=44, snd_wnd=491
[10097.816133] TCPLog: in_ack_event - cwnd=49, recv_wnd=44, snd_wnd=493
[10097.817372] TCPLog: in_ack_event - cwnd=49, recv_wnd=44, snd_wnd=495
[10097.817417] TCPLog: in_ack_event - cwnd=49, recv_wnd=44, snd_wnd=497
[10097.817812] TCPLog: in_ack_event - cwnd=49, recv_wnd=44, snd_wnd=499
[10097.818343] TCPLog: in_ack_event - cwnd=49, recv_wnd=44, snd_wnd=501
[10097.819076] TCPLog: in_ack_event - cwnd=49, recv_wnd=44, snd_wnd=503
[10097.819904] TCPLog: in_ack_event - cwnd=49, recv_wnd=44, snd_wnd=505
[10097.820650] TCPLog: in_ack_event - cwnd=49, recv_wnd=44, snd_wnd=507
[10097.821181] TCPLog: in_ack_event - cwnd=49, recv_wnd=44, snd_wnd=509
[10097.821821] TCPLog: in_ack_event - cwnd=49, recv_wnd=44, snd_wnd=511
[10097.822236] TCPLog: in_ack_event - cwnd=49, recv_wnd=44, snd_wnd=513
[10097.823012] TCPLog: in_ack_event - cwnd=49, recv_wnd=44, snd_wnd=515
[10097.824448] TCPLog: in_ack_event - cwnd=49, recv_wnd=44, snd_wnd=517
[10097.824506] TCPLog: in_ack_event - cwnd=49, recv_wnd=44, snd_wnd=519
[10097.825600] TCPLog: in_ack_event - cwnd=49, recv_wnd=44, snd_wnd=521
[10097.825656] TCPLog: in_ack_event - cwnd=49, recv_wnd=44, snd_wnd=523
[10097.826697] TCPLog: in_ack_event - cwnd=49, recv_wnd=44, snd_wnd=525
[10097.826762] TCPLog: in_ack_event - cwnd=49, recv_wnd=44, snd_wnd=527
[10097.828072] TCPLog: in_ack_event - cwnd=49, recv_wnd=44, snd_wnd=529
[10097.828091] TCPLog: in_ack_event - cwnd=49, recv_wnd=44, snd_wnd=531
[10097.829114] TCPLog: in_ack_event - cwnd=49, recv_wnd=44, snd_wnd=533
[10097.829131] TCPLog: in_ack_event - cwnd=49, recv_wnd=44, snd_wnd=535
[10097.829136] TCPLog: set_state - state=TCP_CA_Open - cwnd=49
[10097.829139] TCPLog: cwnd_event - ev=CA_EVENT_COMPLETE_CWR, cwnd=49
[10097.829143] TCPLog: cong_avoid - cwnd=49
[10097.829843] TCPLog: in_ack_event - cwnd=49, recv_wnd=44, snd_wnd=537
[10097.829853] TCPLog: cong_avoid - cwnd=49
[10097.830649] TCPLog: in_ack_event - cwnd=49, recv_wnd=44, snd_wnd=539
[10097.830661] TCPLog: cong_avoid - cwnd=49
[10097.830670] TCPLog: in_ack_event - cwnd=49, recv_wnd=44, snd_wnd=541
[10097.830674] TCPLog: cong_avoid - cwnd=49
[10097.832243] TCPLog: in_ack_event - cwnd=49, recv_wnd=44, snd_wnd=543
[10097.832253] TCPLog: cong_avoid - cwnd=49
[10097.832261] TCPLog: in_ack_event - cwnd=49, recv_wnd=44, snd_wnd=545
[10097.832266] TCPLog: cong_avoid - cwnd=49
[10097.833369] TCPLog: in_ack_event - cwnd=49, recv_wnd=44, snd_wnd=547
[10097.833380] TCPLog: cong_avoid - cwnd=49
[10097.833390] TCPLog: in_ack_event - cwnd=49, recv_wnd=44, snd_wnd=549
[10097.833395] TCPLog: cong_avoid - cwnd=49
[10097.833532] TCPLog: in_ack_event - cwnd=49, recv_wnd=44, snd_wnd=551
[10097.833543] TCPLog: cong_avoid - cwnd=49
[10097.835523] TCPLog: in_ack_event - cwnd=49, recv_wnd=44, snd_wnd=554
[10097.835532] TCPLog: cong_avoid - cwnd=49
[10097.835541] TCPLog: in_ack_event - cwnd=49, recv_wnd=44, snd_wnd=556
[10097.835546] TCPLog: cong_avoid - cwnd=49
[10097.836452] TCPLog: in_ack_event - cwnd=49, recv_wnd=44, snd_wnd=558
[10097.836462] TCPLog: cong_avoid - cwnd=49
[10097.836470] TCPLog: in_ack_event - cwnd=49, recv_wnd=44, snd_wnd=560
[10097.836475] TCPLog: cong_avoid - cwnd=49
[10097.837953] TCPLog: in_ack_event - cwnd=49, recv_wnd=44, snd_wnd=562
[10097.837968] TCPLog: cong_avoid - cwnd=49
[10097.837980] TCPLog: in_ack_event - cwnd=49, recv_wnd=44, snd_wnd=564
[10097.837985] TCPLog: cong_avoid - cwnd=49
[10097.838853] TCPLog: in_ack_event - cwnd=49, recv_wnd=44, snd_wnd=566
[10097.838866] TCPLog: cong_avoid - cwnd=49
[10097.838876] TCPLog: in_ack_event - cwnd=49, recv_wnd=44, snd_wnd=568
[10097.838881] TCPLog: cong_avoid - cwnd=49
[10097.840227] TCPLog: in_ack_event - cwnd=49, recv_wnd=44, snd_wnd=570
[10097.840237] TCPLog: cong_avoid - cwnd=49
[10097.840246] TCPLog: in_ack_event - cwnd=49, recv_wnd=44, snd_wnd=572
[10097.840251] TCPLog: cong_avoid - cwnd=49
[10097.840411] TCPLog: in_ack_event - cwnd=49, recv_wnd=44, snd_wnd=574
[10097.840418] TCPLog: cong_avoid - cwnd=49
[10097.841046] TCPLog: in_ack_event - cwnd=49, recv_wnd=44, snd_wnd=576
[10097.841057] TCPLog: cong_avoid - cwnd=49
[10097.841773] TCPLog: in_ack_event - cwnd=49, recv_wnd=44, snd_wnd=578
[10097.841784] TCPLog: cong_avoid - cwnd=49
[10097.842694] TCPLog: in_ack_event - cwnd=49, recv_wnd=44, snd_wnd=580
[10097.842705] TCPLog: cong_avoid - cwnd=49
[10097.843304] TCPLog: in_ack_event - cwnd=49, recv_wnd=44, snd_wnd=582
[10097.843315] TCPLog: cong_avoid - cwnd=49
[10097.844092] TCPLog: in_ack_event - cwnd=49, recv_wnd=44, snd_wnd=584
[10097.844107] TCPLog: cong_avoid - cwnd=49
[10097.844114] TCPLog: in_ack_event - cwnd=49, recv_wnd=44, snd_wnd=586
[10097.844119] TCPLog: cong_avoid - cwnd=49
[10097.845076] TCPLog: in_ack_event - cwnd=49, recv_wnd=44, snd_wnd=588
[10097.845088] TCPLog: cong_avoid - cwnd=49
[10097.845839] TCPLog: in_ack_event - cwnd=49, recv_wnd=44, snd_wnd=590
[10097.845857] TCPLog: cong_avoid - cwnd=49
[10097.845869] TCPLog: in_ack_event - cwnd=49, recv_wnd=44, snd_wnd=592
[10097.845874] TCPLog: cong_avoid - cwnd=49
[10097.846650] TCPLog: in_ack_event - cwnd=49, recv_wnd=44, snd_wnd=594
[10097.846666] TCPLog: cong_avoid - cwnd=49
[10097.847321] TCPLog: in_ack_event - cwnd=49, recv_wnd=44, snd_wnd=596
[10097.847333] TCPLog: cong_avoid - cwnd=49
[10097.849121] TCPLog: in_ack_event - cwnd=49, recv_wnd=44, snd_wnd=598
[10097.849135] TCPLog: cong_avoid - cwnd=49
[10097.849147] TCPLog: in_ack_event - cwnd=49, recv_wnd=44, snd_wnd=600
[10097.849152] TCPLog: cong_avoid - cwnd=49
[10097.850420] TCPLog: in_ack_event - cwnd=49, recv_wnd=44, snd_wnd=602
[10097.850441] TCPLog: cong_avoid - cwnd=49
[10097.850451] TCPLog: in_ack_event - cwnd=49, recv_wnd=44, snd_wnd=604
[10097.850456] TCPLog: cong_avoid - cwnd=49
[10097.850760] TCPLog: in_ack_event - cwnd=49, recv_wnd=44, snd_wnd=606
[10097.850777] TCPLog: cong_avoid - cwnd=49
[10097.851349] TCPLog: in_ack_event - cwnd=49, recv_wnd=44, snd_wnd=608
[10097.851361] TCPLog: cong_avoid - cwnd=49
[10097.852989] TCPLog: in_ack_event - cwnd=49, recv_wnd=44, snd_wnd=610
[10097.853007] TCPLog: cong_avoid - cwnd=49
[10097.853019] TCPLog: in_ack_event - cwnd=49, recv_wnd=44, snd_wnd=612
[10097.853024] TCPLog: cong_avoid - cwnd=49
[10097.853033] TCPLog: in_ack_event - cwnd=49, recv_wnd=44, snd_wnd=614
[10097.853039] TCPLog: cong_avoid - cwnd=49
[10097.854270] TCPLog: in_ack_event - cwnd=49, recv_wnd=44, snd_wnd=616
[10097.854283] TCPLog: cong_avoid - cwnd=49
[10097.854295] TCPLog: in_ack_event - cwnd=49, recv_wnd=44, snd_wnd=618
[10097.854300] TCPLog: cong_avoid - cwnd=49
[10097.855061] TCPLog: in_ack_event - cwnd=49, recv_wnd=44, snd_wnd=620
[10097.855075] TCPLog: cong_avoid - cwnd=49
[10097.855818] TCPLog: in_ack_event - cwnd=49, recv_wnd=44, snd_wnd=622
[10097.855834] TCPLog: cong_avoid - cwnd=49
[10097.856315] TCPLog: in_ack_event - cwnd=49, recv_wnd=44, snd_wnd=624
[10097.856329] TCPLog: cong_avoid - cwnd=49
[10097.857008] TCPLog: in_ack_event - cwnd=49, recv_wnd=44, snd_wnd=626
[10097.857022] TCPLog: cong_avoid - cwnd=49
[10097.857617] TCPLog: in_ack_event - cwnd=49, recv_wnd=44, snd_wnd=628
[10097.857624] TCPLog: cong_avoid - cwnd=49
[10097.858341] TCPLog: in_ack_event - cwnd=49, recv_wnd=44, snd_wnd=630
[10097.858350] TCPLog: cong_avoid - cwnd=49
[10097.858354] TCPLog: in_ack_event - cwnd=49, recv_wnd=44, snd_wnd=632
[10097.858356] TCPLog: cong_avoid - cwnd=49
[10097.859947] TCPLog: in_ack_event - cwnd=50, recv_wnd=44, snd_wnd=634
[10097.859955] TCPLog: cong_avoid - cwnd=50
[10097.859961] TCPLog: in_ack_event - cwnd=50, recv_wnd=44, snd_wnd=636
[10097.859964] TCPLog: cong_avoid - cwnd=50
[10097.861139] TCPLog: in_ack_event - cwnd=50, recv_wnd=44, snd_wnd=638
[10097.861147] TCPLog: cong_avoid - cwnd=50
[10097.861154] TCPLog: in_ack_event - cwnd=50, recv_wnd=44, snd_wnd=640
[10097.861157] TCPLog: cong_avoid - cwnd=50
[10097.862580] TCPLog: in_ack_event - cwnd=50, recv_wnd=44, snd_wnd=642
[10097.862588] TCPLog: cong_avoid - cwnd=50
[10097.862593] TCPLog: in_ack_event - cwnd=50, recv_wnd=44, snd_wnd=644
[10097.862595] TCPLog: cong_avoid - cwnd=50
[10097.862599] TCPLog: in_ack_event - cwnd=50, recv_wnd=44, snd_wnd=646
[10097.862601] TCPLog: cong_avoid - cwnd=50
[10097.863998] TCPLog: in_ack_event - cwnd=50, recv_wnd=44, snd_wnd=648
[10097.864006] TCPLog: cong_avoid - cwnd=50
[10097.864165] TCPLog: in_ack_event - cwnd=50, recv_wnd=44, snd_wnd=650
[10097.864174] TCPLog: cong_avoid - cwnd=50
[10097.864888] TCPLog: in_ack_event - cwnd=50, recv_wnd=44, snd_wnd=652
[10097.864897] TCPLog: cong_avoid - cwnd=50
[10097.865603] TCPLog: in_ack_event - cwnd=50, recv_wnd=44, snd_wnd=654
[10097.865611] TCPLog: cong_avoid - cwnd=50
[10097.865614] TCPLog: in_ack_event - cwnd=50, recv_wnd=44, snd_wnd=656
[10097.865618] TCPLog: cong_avoid - cwnd=50
[10097.866914] TCPLog: in_ack_event - cwnd=50, recv_wnd=44, snd_wnd=659
[10097.866922] TCPLog: cong_avoid - cwnd=50
[10097.867066] TCPLog: in_ack_event - cwnd=50, recv_wnd=44, snd_wnd=661
[10097.867075] TCPLog: cong_avoid - cwnd=50
[10097.867785] TCPLog: in_ack_event - cwnd=50, recv_wnd=44, snd_wnd=663
[10097.867793] TCPLog: cong_avoid - cwnd=50
[10097.868603] TCPLog: in_ack_event - cwnd=50, recv_wnd=44, snd_wnd=665
[10097.868611] TCPLog: cong_avoid - cwnd=50
[10097.869777] TCPLog: in_ack_event - cwnd=50, recv_wnd=44, snd_wnd=667
[10097.869785] TCPLog: cong_avoid - cwnd=50
[10097.869793] TCPLog: in_ack_event - cwnd=50, recv_wnd=44, snd_wnd=669
[10097.869796] TCPLog: cong_avoid - cwnd=50
[10097.870831] TCPLog: in_ack_event - cwnd=50, recv_wnd=44, snd_wnd=671
[10097.870840] TCPLog: cong_avoid - cwnd=50
[10097.870847] TCPLog: in_ack_event - cwnd=50, recv_wnd=44, snd_wnd=673
[10097.870851] TCPLog: cong_avoid - cwnd=50
[10097.872225] TCPLog: in_ack_event - cwnd=50, recv_wnd=44, snd_wnd=675
[10097.872235] TCPLog: cong_avoid - cwnd=50
[10097.872242] TCPLog: in_ack_event - cwnd=50, recv_wnd=44, snd_wnd=677
[10097.872246] TCPLog: cong_avoid - cwnd=50
[10097.872392] TCPLog: in_ack_event - cwnd=50, recv_wnd=44, snd_wnd=679
[10097.872397] TCPLog: cong_avoid - cwnd=50
[10097.873208] TCPLog: in_ack_event - cwnd=50, recv_wnd=44, snd_wnd=681
[10097.873218] TCPLog: cong_avoid - cwnd=50
[10097.873828] TCPLog: in_ack_event - cwnd=50, recv_wnd=44, snd_wnd=683
[10097.873837] TCPLog: cong_avoid - cwnd=50
[10097.874591] TCPLog: in_ack_event - cwnd=50, recv_wnd=44, snd_wnd=685
[10097.874600] TCPLog: cong_avoid - cwnd=50
[10097.875278] TCPLog: in_ack_event - cwnd=50, recv_wnd=44, snd_wnd=687
[10097.875290] TCPLog: cong_avoid - cwnd=50
[10097.875299] TCPLog: in_ack_event - cwnd=50, recv_wnd=44, snd_wnd=689
[10097.875303] TCPLog: cong_avoid - cwnd=50
[10097.876182] TCPLog: in_ack_event - cwnd=50, recv_wnd=44, snd_wnd=691
[10097.876191] TCPLog: cong_avoid - cwnd=50
[10097.876815] TCPLog: in_ack_event - cwnd=50, recv_wnd=44, snd_wnd=693
[10097.876825] TCPLog: cong_avoid - cwnd=50
[10097.878329] TCPLog: in_ack_event - cwnd=50, recv_wnd=44, snd_wnd=695
[10097.878342] TCPLog: cong_avoid - cwnd=50
[10097.878351] TCPLog: in_ack_event - cwnd=50, recv_wnd=44, snd_wnd=697
[10097.878355] TCPLog: cong_avoid - cwnd=50
[10097.878361] TCPLog: in_ack_event - cwnd=50, recv_wnd=44, snd_wnd=699
[10097.878365] TCPLog: cong_avoid - cwnd=50
[10097.879394] TCPLog: in_ack_event - cwnd=50, recv_wnd=44, snd_wnd=701
[10097.879405] TCPLog: cong_avoid - cwnd=50
[10097.880038] TCPLog: in_ack_event - cwnd=50, recv_wnd=44, snd_wnd=703
[10097.880048] TCPLog: cong_avoid - cwnd=50
[10097.880916] TCPLog: in_ack_event - cwnd=50, recv_wnd=44, snd_wnd=705
[10097.880926] TCPLog: cong_avoid - cwnd=50
[10097.881520] TCPLog: in_ack_event - cwnd=50, recv_wnd=44, snd_wnd=707
[10097.881530] TCPLog: cong_avoid - cwnd=50
[10097.881535] TCPLog: in_ack_event - cwnd=50, recv_wnd=44, snd_wnd=709
[10097.881539] TCPLog: cong_avoid - cwnd=50
[10097.882363] TCPLog: in_ack_event - cwnd=50, recv_wnd=44, snd_wnd=711
[10097.882373] TCPLog: cong_avoid - cwnd=50
[10097.882960] TCPLog: in_ack_event - cwnd=50, recv_wnd=44, snd_wnd=713
[10097.882970] TCPLog: cong_avoid - cwnd=50
[10097.883848] TCPLog: in_ack_event - cwnd=50, recv_wnd=44, snd_wnd=715
[10097.883851] TCPLog: cong_avoid - cwnd=50
[10097.884634] TCPLog: in_ack_event - cwnd=50, recv_wnd=44, snd_wnd=717
[10097.884646] TCPLog: cong_avoid - cwnd=50
[10097.885929] TCPLog: in_ack_event - cwnd=50, recv_wnd=44, snd_wnd=719
[10097.885943] TCPLog: cong_avoid - cwnd=50
[10097.885955] TCPLog: in_ack_event - cwnd=50, recv_wnd=44, snd_wnd=721
[10097.885960] TCPLog: cong_avoid - cwnd=50
[10097.886907] TCPLog: in_ack_event - cwnd=50, recv_wnd=44, snd_wnd=723
[10097.886919] TCPLog: cong_avoid - cwnd=50
[10097.886941] TCPLog: in_ack_event - cwnd=50, recv_wnd=44, snd_wnd=725
[10097.886946] TCPLog: cong_avoid - cwnd=50
[10097.887200] TCPLog: in_ack_event - cwnd=50, recv_wnd=44, snd_wnd=727
[10097.887212] TCPLog: cong_avoid - cwnd=50
[10097.889015] TCPLog: in_ack_event - cwnd=50, recv_wnd=44, snd_wnd=729
[10097.889028] TCPLog: cong_avoid - cwnd=50
[10097.889040] TCPLog: in_ack_event - cwnd=50, recv_wnd=44, snd_wnd=731
[10097.889045] TCPLog: cong_avoid - cwnd=50
[10097.889050] TCPLog: in_ack_event - cwnd=50, recv_wnd=44, snd_wnd=733
[10097.889055] TCPLog: cong_avoid - cwnd=50
[10097.889887] TCPLog: in_ack_event - cwnd=51, recv_wnd=44, snd_wnd=735
[10097.889898] TCPLog: cong_avoid - cwnd=51
[10097.890546] TCPLog: in_ack_event - cwnd=51, recv_wnd=44, snd_wnd=737
[10097.890557] TCPLog: cong_avoid - cwnd=51
[10097.891109] TCPLog: in_ack_event - cwnd=51, recv_wnd=44, snd_wnd=739
[10097.891120] TCPLog: cong_avoid - cwnd=51
[10097.891882] TCPLog: in_ack_event - cwnd=51, recv_wnd=44, snd_wnd=741
[10097.891895] TCPLog: cong_avoid - cwnd=51
[10097.891907] TCPLog: in_ack_event - cwnd=51, recv_wnd=44, snd_wnd=743
[10097.891913] TCPLog: cong_avoid - cwnd=51
[10097.893205] TCPLog: in_ack_event - cwnd=51, recv_wnd=44, snd_wnd=745
[10097.893218] TCPLog: cong_avoid - cwnd=51
[10097.893852] TCPLog: in_ack_event - cwnd=51, recv_wnd=44, snd_wnd=747
[10097.893866] TCPLog: cong_avoid - cwnd=51
[10097.895486] TCPLog: in_ack_event - cwnd=51, recv_wnd=44, snd_wnd=749
[10097.895504] TCPLog: cong_avoid - cwnd=51
[10097.895527] TCPLog: in_ack_event - cwnd=51, recv_wnd=44, snd_wnd=751
[10097.895533] TCPLog: cong_avoid - cwnd=51
[10097.895539] TCPLog: in_ack_event - cwnd=51, recv_wnd=44, snd_wnd=753
[10097.895545] TCPLog: cong_avoid - cwnd=51
[10097.896777] TCPLog: in_ack_event - cwnd=51, recv_wnd=44, snd_wnd=755
[10097.896796] TCPLog: cong_avoid - cwnd=51
[10097.896809] TCPLog: in_ack_event - cwnd=51, recv_wnd=44, snd_wnd=758
[10097.896815] TCPLog: cong_avoid - cwnd=51
[10097.897885] TCPLog: in_ack_event - cwnd=51, recv_wnd=44, snd_wnd=759
[10097.897903] TCPLog: cong_avoid - cwnd=51
[10097.897915] TCPLog: in_ack_event - cwnd=51, recv_wnd=44, snd_wnd=762
[10097.897922] TCPLog: cong_avoid - cwnd=51
[10097.898182] TCPLog: in_ack_event - cwnd=51, recv_wnd=44, snd_wnd=764
[10097.898196] TCPLog: cong_avoid - cwnd=51
[10097.900115] TCPLog: in_ack_event - cwnd=51, recv_wnd=44, snd_wnd=766
[10097.900134] TCPLog: cong_avoid - cwnd=51
[10097.900141] TCPLog: in_ack_event - cwnd=51, recv_wnd=44, snd_wnd=768
[10097.900146] TCPLog: cong_avoid - cwnd=51
[10097.900153] TCPLog: in_ack_event - cwnd=51, recv_wnd=44, snd_wnd=770
[10097.900159] TCPLog: cong_avoid - cwnd=51
[10097.901585] TCPLog: in_ack_event - cwnd=51, recv_wnd=44, snd_wnd=772
[10097.901602] TCPLog: cong_avoid - cwnd=51
[10097.901610] TCPLog: in_ack_event - cwnd=51, recv_wnd=44, snd_wnd=774
[10097.901617] TCPLog: cong_avoid - cwnd=51
[10097.901622] TCPLog: in_ack_event - cwnd=51, recv_wnd=44, snd_wnd=776
[10097.901628] TCPLog: cong_avoid - cwnd=51
[10097.903600] TCPLog: in_ack_event - cwnd=51, recv_wnd=44, snd_wnd=778
[10097.903618] TCPLog: cong_avoid - cwnd=51
[10097.903625] TCPLog: in_ack_event - cwnd=51, recv_wnd=44, snd_wnd=780
[10097.903631] TCPLog: cong_avoid - cwnd=51
[10097.903636] TCPLog: in_ack_event - cwnd=51, recv_wnd=44, snd_wnd=782
[10097.903642] TCPLog: cong_avoid - cwnd=51
[10097.905139] TCPLog: in_ack_event - cwnd=51, recv_wnd=44, snd_wnd=784
[10097.905152] TCPLog: cong_avoid - cwnd=51
[10097.905158] TCPLog: in_ack_event - cwnd=51, recv_wnd=44, snd_wnd=786
[10097.905163] TCPLog: cong_avoid - cwnd=51
[10097.906648] TCPLog: in_ack_event - cwnd=51, recv_wnd=44, snd_wnd=788
[10097.906661] TCPLog: cong_avoid - cwnd=51
[10097.906667] TCPLog: in_ack_event - cwnd=51, recv_wnd=44, snd_wnd=790
[10097.906672] TCPLog: cong_avoid - cwnd=51
[10097.907831] TCPLog: in_ack_event - cwnd=51, recv_wnd=44, snd_wnd=792
[10097.907834] TCPLog: cong_avoid - cwnd=51
[10097.907836] TCPLog: in_ack_event - cwnd=51, recv_wnd=44, snd_wnd=794
[10097.907838] TCPLog: cong_avoid - cwnd=51
[10097.907839] TCPLog: in_ack_event - cwnd=51, recv_wnd=44, snd_wnd=796
[10097.907840] TCPLog: cong_avoid - cwnd=51
[10097.908867] TCPLog: in_ack_event - cwnd=51, recv_wnd=44, snd_wnd=798
[10097.908880] TCPLog: cong_avoid - cwnd=51
[10097.910646] TCPLog: in_ack_event - cwnd=51, recv_wnd=44, snd_wnd=800
[10097.910659] TCPLog: cong_avoid - cwnd=51
[10097.910665] TCPLog: in_ack_event - cwnd=51, recv_wnd=44, snd_wnd=802
[10097.910670] TCPLog: cong_avoid - cwnd=51
[10097.910676] TCPLog: in_ack_event - cwnd=51, recv_wnd=44, snd_wnd=804
[10097.910682] TCPLog: cong_avoid - cwnd=51
[10097.911846] TCPLog: in_ack_event - cwnd=51, recv_wnd=44, snd_wnd=806
[10097.911859] TCPLog: cong_avoid - cwnd=51
[10097.911865] TCPLog: in_ack_event - cwnd=51, recv_wnd=44, snd_wnd=808
[10097.911870] TCPLog: cong_avoid - cwnd=51
[10097.913625] TCPLog: in_ack_event - cwnd=51, recv_wnd=44, snd_wnd=810
[10097.913639] TCPLog: cong_avoid - cwnd=51
[10097.913645] TCPLog: in_ack_event - cwnd=51, recv_wnd=44, snd_wnd=812
[10097.913650] TCPLog: cong_avoid - cwnd=51
[10097.913655] TCPLog: in_ack_event - cwnd=51, recv_wnd=44, snd_wnd=814
[10097.913661] TCPLog: cong_avoid - cwnd=51
[10097.914685] TCPLog: in_ack_event - cwnd=51, recv_wnd=44, snd_wnd=816
[10097.914698] TCPLog: cong_avoid - cwnd=51
[10097.916095] TCPLog: in_ack_event - cwnd=51, recv_wnd=44, snd_wnd=818
[10097.916114] TCPLog: cong_avoid - cwnd=51
[10097.916119] TCPLog: in_ack_event - cwnd=51, recv_wnd=44, snd_wnd=820
[10097.916125] TCPLog: cong_avoid - cwnd=51
[10097.916132] TCPLog: in_ack_event - cwnd=51, recv_wnd=44, snd_wnd=822
[10097.916137] TCPLog: cong_avoid - cwnd=51
[10097.917797] TCPLog: in_ack_event - cwnd=51, recv_wnd=44, snd_wnd=824
[10097.917814] TCPLog: cong_avoid - cwnd=51
[10097.917821] TCPLog: in_ack_event - cwnd=51, recv_wnd=44, snd_wnd=826
[10097.917826] TCPLog: cong_avoid - cwnd=51
[10097.918971] TCPLog: in_ack_event - cwnd=51, recv_wnd=44, snd_wnd=828
[10097.918985] TCPLog: cong_avoid - cwnd=51
[10097.918990] TCPLog: in_ack_event - cwnd=51, recv_wnd=44, snd_wnd=830
[10097.918996] TCPLog: cong_avoid - cwnd=51
[10097.920445] TCPLog: in_ack_event - cwnd=51, recv_wnd=44, snd_wnd=832
[10097.920463] TCPLog: cong_avoid - cwnd=51
[10097.920469] TCPLog: in_ack_event - cwnd=51, recv_wnd=44, snd_wnd=834
[10097.920475] TCPLog: cong_avoid - cwnd=51
[10097.920481] TCPLog: in_ack_event - cwnd=51, recv_wnd=44, snd_wnd=836
[10097.920486] TCPLog: cong_avoid - cwnd=51
[10097.921861] TCPLog: in_ack_event - cwnd=52, recv_wnd=44, snd_wnd=838
[10097.921874] TCPLog: cong_avoid - cwnd=52
[10097.921880] TCPLog: in_ack_event - cwnd=52, recv_wnd=44, snd_wnd=840
[10097.921885] TCPLog: cong_avoid - cwnd=52
[10097.923305] TCPLog: in_ack_event - cwnd=52, recv_wnd=44, snd_wnd=842
[10097.923322] TCPLog: cong_avoid - cwnd=52
[10097.923328] TCPLog: in_ack_event - cwnd=52, recv_wnd=44, snd_wnd=844
[10097.923333] TCPLog: cong_avoid - cwnd=52
[10097.923339] TCPLog: in_ack_event - cwnd=52, recv_wnd=44, snd_wnd=846
[10097.923345] TCPLog: cong_avoid - cwnd=52
[10097.925323] TCPLog: in_ack_event - cwnd=52, recv_wnd=44, snd_wnd=848
[10097.925336] TCPLog: cong_avoid - cwnd=52
[10097.925347] TCPLog: in_ack_event - cwnd=52, recv_wnd=44, snd_wnd=850
[10097.925352] TCPLog: cong_avoid - cwnd=52
[10097.925359] TCPLog: in_ack_event - cwnd=52, recv_wnd=44, snd_wnd=852
[10097.925364] TCPLog: cong_avoid - cwnd=52
[10097.927058] TCPLog: in_ack_event - cwnd=52, recv_wnd=44, snd_wnd=854
[10097.927075] TCPLog: cong_avoid - cwnd=52
[10097.927082] TCPLog: in_ack_event - cwnd=52, recv_wnd=44, snd_wnd=856
[10097.927087] TCPLog: cong_avoid - cwnd=52
[10097.927094] TCPLog: in_ack_event - cwnd=52, recv_wnd=44, snd_wnd=858
[10097.927099] TCPLog: cong_avoid - cwnd=52
[10097.928820] TCPLog: in_ack_event - cwnd=52, recv_wnd=44, snd_wnd=861
[10097.928823] TCPLog: cong_avoid - cwnd=52
[10097.928825] TCPLog: in_ack_event - cwnd=52, recv_wnd=44, snd_wnd=862
[10097.928826] TCPLog: cong_avoid - cwnd=52
[10097.930010] TCPLog: in_ack_event - cwnd=52, recv_wnd=44, snd_wnd=865
[10097.930029] TCPLog: cong_avoid - cwnd=52
[10097.930037] TCPLog: in_ack_event - cwnd=52, recv_wnd=44, snd_wnd=866
[10097.930044] TCPLog: cong_avoid - cwnd=52
[10097.930053] TCPLog: in_ack_event - cwnd=52, recv_wnd=44, snd_wnd=866
[10097.930074] TCPLog: in_ack_event - cwnd=52, recv_wnd=44, snd_wnd=866
[10097.946823] TCPLog: in_ack_event - cwnd=52, recv_wnd=44, snd_wnd=866
[10097.946845] TCPLog: cong_avoid - cwnd=52
[10097.948294] TCPLog: in_ack_event - cwnd=10, recv_wnd=44, snd_wnd=45
[10097.948490] TCPLog: cwnd_event - ev=CA_EVENT_TX_START, cwnd=10
[10097.965177] TCPLog: in_ack_event - cwnd=10, recv_wnd=44, snd_wnd=45
[10097.965219] TCPLog: cong_avoid - cwnd=10
[10097.966340] TCPLog: in_ack_event - cwnd=11, recv_wnd=44, snd_wnd=44
[10097.966370] TCPLog: cong_avoid - cwnd=11
[10097.966399] TCPLog: in_ack_event - cwnd=12, recv_wnd=44, snd_wnd=44
[10097.966410] TCPLog: cong_avoid - cwnd=12
[10097.967280] TCPLog: in_ack_event - cwnd=13, recv_wnd=44, snd_wnd=44
[10097.967300] TCPLog: cong_avoid - cwnd=13
[10097.968074] TCPLog: in_ack_event - cwnd=14, recv_wnd=44, snd_wnd=44
[10097.968095] TCPLog: cong_avoid - cwnd=14
[10097.968611] TCPLog: in_ack_event - cwnd=15, recv_wnd=44, snd_wnd=44
[10097.968639] TCPLog: cong_avoid - cwnd=15
[10097.968676] TCPLog: in_ack_event - cwnd=16, recv_wnd=44, snd_wnd=44
[10097.968687] TCPLog: cong_avoid - cwnd=16
[10097.969688] TCPLog: in_ack_event - cwnd=17, recv_wnd=44, snd_wnd=44
[10097.969706] TCPLog: cong_avoid - cwnd=17
[10097.969722] TCPLog: in_ack_event - cwnd=18, recv_wnd=44, snd_wnd=44
[10097.969738] TCPLog: cong_avoid - cwnd=18
[10097.970975] TCPLog: in_ack_event - cwnd=19, recv_wnd=44, snd_wnd=44
[10097.970993] TCPLog: cong_avoid - cwnd=19
[10097.982925] TCPLog: in_ack_event - cwnd=20, recv_wnd=44, snd_wnd=44
[10097.982947] TCPLog: cong_avoid - cwnd=20
[10097.982969] TCPLog: in_ack_event - cwnd=21, recv_wnd=44, snd_wnd=44
[10097.982979] TCPLog: cong_avoid - cwnd=21
[10097.984082] TCPLog: in_ack_event - cwnd=22, recv_wnd=44, snd_wnd=44
[10097.984118] TCPLog: cong_avoid - cwnd=22
[10097.984138] TCPLog: in_ack_event - cwnd=23, recv_wnd=44, snd_wnd=44
[10097.984148] TCPLog: cong_avoid - cwnd=23
[10097.984160] TCPLog: in_ack_event - cwnd=24, recv_wnd=44, snd_wnd=44
[10097.984169] TCPLog: cong_avoid - cwnd=24
[10097.986150] TCPLog: in_ack_event - cwnd=25, recv_wnd=44, snd_wnd=44
[10097.986172] TCPLog: cong_avoid - cwnd=25
[10097.986191] TCPLog: in_ack_event - cwnd=26, recv_wnd=44, snd_wnd=44
[10097.986200] TCPLog: cong_avoid - cwnd=26
[10097.988850] TCPLog: in_ack_event - cwnd=28, recv_wnd=44, snd_wnd=44
[10097.988872] TCPLog: cong_avoid - cwnd=28
[10097.988896] TCPLog: in_ack_event - cwnd=30, recv_wnd=44, snd_wnd=44
[10097.988905] TCPLog: cong_avoid - cwnd=30
[10097.990260] TCPLog: in_ack_event - cwnd=32, recv_wnd=44, snd_wnd=44
[10097.990283] TCPLog: cong_avoid - cwnd=32
[10097.991313] TCPLog: in_ack_event - cwnd=34, recv_wnd=44, snd_wnd=44
[10097.991318] TCPLog: cong_avoid - cwnd=34
[10097.993652] TCPLog: in_ack_event - cwnd=36, recv_wnd=44, snd_wnd=44
[10097.993672] TCPLog: cong_avoid - cwnd=36
[10097.993697] TCPLog: in_ack_event - cwnd=38, recv_wnd=44, snd_wnd=44
[10097.993706] TCPLog: cong_avoid - cwnd=38
[10098.000722] TCPLog: in_ack_event - cwnd=40, recv_wnd=44, snd_wnd=44
[10098.000750] TCPLog: cong_avoid - cwnd=40
[10098.001795] TCPLog: in_ack_event - cwnd=42, recv_wnd=44, snd_wnd=44
[10098.001800] TCPLog: cong_avoid - cwnd=42
[10098.002997] TCPLog: in_ack_event - cwnd=44, recv_wnd=44, snd_wnd=46
[10098.003004] TCPLog: cong_avoid - cwnd=44
[10098.003030] TCPLog: in_ack_event - cwnd=46, recv_wnd=44, snd_wnd=48
[10098.003034] TCPLog: cong_avoid - cwnd=46
[10098.004221] TCPLog: in_ack_event - cwnd=47, recv_wnd=44, snd_wnd=50
[10098.004246] TCPLog: cong_avoid - cwnd=47
[10098.004275] TCPLog: in_ack_event - cwnd=48, recv_wnd=44, snd_wnd=52
[10098.004287] TCPLog: cong_avoid - cwnd=48
[10098.004809] TCPLog: in_ack_event - cwnd=49, recv_wnd=44, snd_wnd=54
[10098.004833] TCPLog: cong_avoid - cwnd=49
[10098.005498] TCPLog: in_ack_event - cwnd=50, recv_wnd=44, snd_wnd=56
[10098.005523] TCPLog: cong_avoid - cwnd=50
[10098.006073] TCPLog: in_ack_event - cwnd=51, recv_wnd=44, snd_wnd=58
[10098.006098] TCPLog: cong_avoid - cwnd=51
[10098.006920] TCPLog: in_ack_event - cwnd=52, recv_wnd=44, snd_wnd=60
[10098.006963] TCPLog: cong_avoid - cwnd=52
[10098.006983] TCPLog: in_ack_event - cwnd=53, recv_wnd=44, snd_wnd=62
[10098.006995] TCPLog: cong_avoid - cwnd=53
[10098.008690] TCPLog: in_ack_event - cwnd=54, recv_wnd=44, snd_wnd=64
[10098.008716] TCPLog: cong_avoid - cwnd=54
[10098.008752] TCPLog: in_ack_event - cwnd=55, recv_wnd=44, snd_wnd=66
[10098.008765] TCPLog: cong_avoid - cwnd=55
[10098.009935] TCPLog: in_ack_event - cwnd=56, recv_wnd=44, snd_wnd=68
[10098.009962] TCPLog: cong_avoid - cwnd=56
[10098.009987] TCPLog: in_ack_event - cwnd=57, recv_wnd=44, snd_wnd=70
[10098.009999] TCPLog: cong_avoid - cwnd=57
[10098.011156] TCPLog: in_ack_event - cwnd=58, recv_wnd=44, snd_wnd=73
[10098.011183] TCPLog: cong_avoid - cwnd=58
[10098.011210] TCPLog: in_ack_event - cwnd=59, recv_wnd=44, snd_wnd=74
[10098.011223] TCPLog: cong_avoid - cwnd=59
[10098.011362] TCPLog: in_ack_event - cwnd=60, recv_wnd=44, snd_wnd=77
[10098.011368] TCPLog: cong_avoid - cwnd=60
[10098.012156] TCPLog: in_ack_event - cwnd=61, recv_wnd=44, snd_wnd=79
[10098.012181] TCPLog: cong_avoid - cwnd=61
[10098.013267] TCPLog: in_ack_event - cwnd=62, recv_wnd=44, snd_wnd=81
[10098.013293] TCPLog: cong_avoid - cwnd=62
[10098.013319] TCPLog: in_ack_event - cwnd=63, recv_wnd=44, snd_wnd=83
[10098.013332] TCPLog: cong_avoid - cwnd=63
[10098.013652] TCPLog: in_ack_event - cwnd=64, recv_wnd=44, snd_wnd=85
[10098.013674] TCPLog: cong_avoid - cwnd=64
[10098.014666] TCPLog: in_ack_event - cwnd=65, recv_wnd=44, snd_wnd=87
[10098.014688] TCPLog: cong_avoid - cwnd=65
[10098.015383] TCPLog: in_ack_event - cwnd=66, recv_wnd=44, snd_wnd=89
[10098.015409] TCPLog: cong_avoid - cwnd=66
[10098.016032] TCPLog: in_ack_event - cwnd=67, recv_wnd=44, snd_wnd=91
[10098.016058] TCPLog: cong_avoid - cwnd=67
[10098.016085] TCPLog: in_ack_event - cwnd=68, recv_wnd=44, snd_wnd=93
[10098.016097] TCPLog: cong_avoid - cwnd=68
[10098.016673] TCPLog: in_ack_event - cwnd=69, recv_wnd=44, snd_wnd=95
[10098.016698] TCPLog: cong_avoid - cwnd=69
[10098.018212] TCPLog: in_ack_event - cwnd=70, recv_wnd=44, snd_wnd=97
[10098.018236] TCPLog: cong_avoid - cwnd=70
[10098.018261] TCPLog: in_ack_event - cwnd=71, recv_wnd=44, snd_wnd=99
[10098.018274] TCPLog: cong_avoid - cwnd=71
[10098.019193] TCPLog: in_ack_event - cwnd=72, recv_wnd=44, snd_wnd=101
[10098.019221] TCPLog: cong_avoid - cwnd=72
[10098.019686] TCPLog: in_ack_event - cwnd=73, recv_wnd=44, snd_wnd=103
[10098.019713] TCPLog: cong_avoid - cwnd=73
[10098.019742] TCPLog: in_ack_event - cwnd=74, recv_wnd=44, snd_wnd=105
[10098.019754] TCPLog: cong_avoid - cwnd=74
[10098.021448] TCPLog: in_ack_event - cwnd=75, recv_wnd=44, snd_wnd=107
[10098.021482] TCPLog: cong_avoid - cwnd=75
[10098.021520] TCPLog: in_ack_event - cwnd=76, recv_wnd=44, snd_wnd=109
[10098.021533] TCPLog: cong_avoid - cwnd=76
[10098.022752] TCPLog: in_ack_event - cwnd=77, recv_wnd=44, snd_wnd=111
[10098.022775] TCPLog: cong_avoid - cwnd=77
[10098.022804] TCPLog: in_ack_event - cwnd=78, recv_wnd=44, snd_wnd=113
[10098.022817] TCPLog: cong_avoid - cwnd=78
[10098.024059] TCPLog: in_ack_event - cwnd=79, recv_wnd=44, snd_wnd=115
[10098.024084] TCPLog: cong_avoid - cwnd=79
[10098.024109] TCPLog: in_ack_event - cwnd=80, recv_wnd=44, snd_wnd=117
[10098.024121] TCPLog: cong_avoid - cwnd=80
[10098.024281] TCPLog: in_ack_event - cwnd=81, recv_wnd=44, snd_wnd=119
[10098.024288] TCPLog: cong_avoid - cwnd=81
[10098.025251] TCPLog: in_ack_event - cwnd=82, recv_wnd=44, snd_wnd=121
[10098.025275] TCPLog: cong_avoid - cwnd=82
[10098.025936] TCPLog: in_ack_event - cwnd=83, recv_wnd=44, snd_wnd=123
[10098.025960] TCPLog: cong_avoid - cwnd=83
[10098.026956] TCPLog: in_ack_event - cwnd=84, recv_wnd=44, snd_wnd=125
[10098.026979] TCPLog: cong_avoid - cwnd=84
[10098.027240] TCPLog: in_ack_event - cwnd=85, recv_wnd=44, snd_wnd=127
[10098.027265] TCPLog: cong_avoid - cwnd=85
[10098.028447] TCPLog: in_ack_event - cwnd=86, recv_wnd=44, snd_wnd=129
[10098.028471] TCPLog: cong_avoid - cwnd=86
[10098.028495] TCPLog: in_ack_event - cwnd=87, recv_wnd=44, snd_wnd=131
[10098.028507] TCPLog: cong_avoid - cwnd=87
[10098.028593] TCPLog: in_ack_event - cwnd=88, recv_wnd=44, snd_wnd=133
[10098.028598] TCPLog: cong_avoid - cwnd=88
[10098.030623] TCPLog: in_ack_event - cwnd=89, recv_wnd=44, snd_wnd=135
[10098.030636] TCPLog: cong_avoid - cwnd=89
[10098.030663] TCPLog: in_ack_event - cwnd=90, recv_wnd=44, snd_wnd=137
[10098.030668] TCPLog: cong_avoid - cwnd=90
[10098.030674] TCPLog: in_ack_event - cwnd=91, recv_wnd=44, snd_wnd=139
[10098.030678] TCPLog: cong_avoid - cwnd=91
[10098.031993] TCPLog: in_ack_event - cwnd=92, recv_wnd=44, snd_wnd=141
[10098.032017] TCPLog: cong_avoid - cwnd=92
[10098.033489] TCPLog: in_ack_event - cwnd=93, recv_wnd=44, snd_wnd=143
[10098.033523] TCPLog: cong_avoid - cwnd=93
[10098.033552] TCPLog: in_ack_event - cwnd=94, recv_wnd=44, snd_wnd=145
[10098.033565] TCPLog: cong_avoid - cwnd=94
[10098.033981] TCPLog: in_ack_event - cwnd=95, recv_wnd=44, snd_wnd=147
[10098.034013] TCPLog: cong_avoid - cwnd=95
[10098.034031] TCPLog: in_ack_event - cwnd=96, recv_wnd=44, snd_wnd=149
[10098.034043] TCPLog: cong_avoid - cwnd=96
[10098.035066] TCPLog: in_ack_event - cwnd=97, recv_wnd=44, snd_wnd=151
[10098.035092] TCPLog: cong_avoid - cwnd=97
[10098.035706] TCPLog: in_ack_event - cwnd=98, recv_wnd=44, snd_wnd=153
[10098.035744] TCPLog: cong_avoid - cwnd=98
[10098.035760] TCPLog: in_ack_event - cwnd=99, recv_wnd=44, snd_wnd=155
[10098.035774] TCPLog: cong_avoid - cwnd=99
[10098.037131] TCPLog: in_ack_event - cwnd=100, recv_wnd=44, snd_wnd=157
[10098.037158] TCPLog: cong_avoid - cwnd=100
[10098.037183] TCPLog: in_ack_event - cwnd=101, recv_wnd=44, snd_wnd=159
[10098.037195] TCPLog: cong_avoid - cwnd=101
[10098.037894] TCPLog: in_ack_event - cwnd=102, recv_wnd=44, snd_wnd=161
[10098.037921] TCPLog: cong_avoid - cwnd=102
[10098.037937] TCPLog: in_ack_event - cwnd=103, recv_wnd=44, snd_wnd=163
[10098.037949] TCPLog: cong_avoid - cwnd=103
[10098.038256] TCPLog: in_ack_event - cwnd=104, recv_wnd=44, snd_wnd=165
[10098.038281] TCPLog: cong_avoid - cwnd=104
[10098.039384] TCPLog: in_ack_event - cwnd=105, recv_wnd=44, snd_wnd=167
[10098.039410] TCPLog: cong_avoid - cwnd=105
[10098.039434] TCPLog: in_ack_event - cwnd=106, recv_wnd=44, snd_wnd=169
[10098.039446] TCPLog: cong_avoid - cwnd=106
[10098.040800] TCPLog: in_ack_event - cwnd=107, recv_wnd=44, snd_wnd=171
[10098.040828] TCPLog: cong_avoid - cwnd=107
[10098.041424] TCPLog: in_ack_event - cwnd=108, recv_wnd=44, snd_wnd=173
[10098.041448] TCPLog: cong_avoid - cwnd=108
[10098.042014] TCPLog: in_ack_event - cwnd=109, recv_wnd=44, snd_wnd=176
[10098.042020] TCPLog: cong_avoid - cwnd=109
[10098.042039] TCPLog: in_ack_event - cwnd=110, recv_wnd=44, snd_wnd=177
[10098.042042] TCPLog: cong_avoid - cwnd=110
[10098.043280] TCPLog: in_ack_event - cwnd=111, recv_wnd=44, snd_wnd=180
[10098.043303] TCPLog: cong_avoid - cwnd=111
[10098.044105] TCPLog: in_ack_event - cwnd=112, recv_wnd=44, snd_wnd=182
[10098.044130] TCPLog: cong_avoid - cwnd=112
[10098.044150] TCPLog: in_ack_event - cwnd=113, recv_wnd=44, snd_wnd=184
[10098.044161] TCPLog: cong_avoid - cwnd=113
[10098.044483] TCPLog: in_ack_event - cwnd=114, recv_wnd=44, snd_wnd=186
[10098.044507] TCPLog: cong_avoid - cwnd=114
[10098.045672] TCPLog: in_ack_event - cwnd=115, recv_wnd=44, snd_wnd=188
[10098.045698] TCPLog: cong_avoid - cwnd=115
[10098.045728] TCPLog: in_ack_event - cwnd=116, recv_wnd=44, snd_wnd=190
[10098.045754] TCPLog: cong_avoid - cwnd=116
[10098.046779] TCPLog: in_ack_event - cwnd=117, recv_wnd=44, snd_wnd=192
[10098.046803] TCPLog: cong_avoid - cwnd=117
[10098.047412] TCPLog: in_ack_event - cwnd=118, recv_wnd=44, snd_wnd=194
[10098.047437] TCPLog: cong_avoid - cwnd=118
[10098.047896] TCPLog: in_ack_event - cwnd=119, recv_wnd=44, snd_wnd=196
[10098.047922] TCPLog: cong_avoid - cwnd=119
[10098.048554] TCPLog: in_ack_event - cwnd=120, recv_wnd=44, snd_wnd=198
[10098.048577] TCPLog: cong_avoid - cwnd=120
[10098.048593] TCPLog: in_ack_event - cwnd=121, recv_wnd=44, snd_wnd=200
[10098.048628] TCPLog: cong_avoid - cwnd=121
[10098.050339] TCPLog: in_ack_event - cwnd=122, recv_wnd=44, snd_wnd=202
[10098.050366] TCPLog: cong_avoid - cwnd=122
[10098.050391] TCPLog: in_ack_event - cwnd=123, recv_wnd=44, snd_wnd=204
[10098.050407] TCPLog: cong_avoid - cwnd=123
[10098.051591] TCPLog: in_ack_event - cwnd=124, recv_wnd=44, snd_wnd=206
[10098.051617] TCPLog: cong_avoid - cwnd=124
[10098.051642] TCPLog: in_ack_event - cwnd=125, recv_wnd=44, snd_wnd=208
[10098.051655] TCPLog: cong_avoid - cwnd=125
[10098.053004] TCPLog: in_ack_event - cwnd=126, recv_wnd=44, snd_wnd=210
[10098.053030] TCPLog: cong_avoid - cwnd=126
[10098.053071] TCPLog: in_ack_event - cwnd=127, recv_wnd=44, snd_wnd=212
[10098.053090] TCPLog: cong_avoid - cwnd=127
[10098.053886] TCPLog: in_ack_event - cwnd=128, recv_wnd=44, snd_wnd=214
[10098.053910] TCPLog: cong_avoid - cwnd=128
[10098.055312] TCPLog: in_ack_event - cwnd=129, recv_wnd=44, snd_wnd=216
[10098.055334] TCPLog: cong_avoid - cwnd=129
[10098.055358] TCPLog: in_ack_event - cwnd=130, recv_wnd=44, snd_wnd=218
[10098.055371] TCPLog: cong_avoid - cwnd=130
[10098.055388] TCPLog: in_ack_event - cwnd=131, recv_wnd=44, snd_wnd=220
[10098.055399] TCPLog: cong_avoid - cwnd=131
[10098.056305] TCPLog: in_ack_event - cwnd=132, recv_wnd=44, snd_wnd=222
[10098.056335] TCPLog: cong_avoid - cwnd=132
[10098.056638] TCPLog: in_ack_event - cwnd=133, recv_wnd=44, snd_wnd=224
[10098.056662] TCPLog: cong_avoid - cwnd=133
[10098.057688] TCPLog: in_ack_event - cwnd=134, recv_wnd=44, snd_wnd=226
[10098.057721] TCPLog: cong_avoid - cwnd=134
[10098.057762] TCPLog: in_ack_event - cwnd=135, recv_wnd=44, snd_wnd=228
[10098.057776] TCPLog: cong_avoid - cwnd=135
[10098.058709] TCPLog: in_ack_event - cwnd=136, recv_wnd=44, snd_wnd=230
[10098.058730] TCPLog: cong_avoid - cwnd=136
[10098.058769] TCPLog: in_ack_event - cwnd=137, recv_wnd=44, snd_wnd=232
[10098.058782] TCPLog: cong_avoid - cwnd=137
[10098.059652] TCPLog: in_ack_event - cwnd=138, recv_wnd=44, snd_wnd=234
[10098.059677] TCPLog: cong_avoid - cwnd=138
[10098.060385] TCPLog: in_ack_event - cwnd=139, recv_wnd=44, snd_wnd=236
[10098.060409] TCPLog: cong_avoid - cwnd=139
[10098.061335] TCPLog: in_ack_event - cwnd=140, recv_wnd=44, snd_wnd=238
[10098.061359] TCPLog: cong_avoid - cwnd=140
[10098.061376] TCPLog: in_ack_event - cwnd=141, recv_wnd=44, snd_wnd=240
[10098.061388] TCPLog: cong_avoid - cwnd=141
[10098.061636] TCPLog: in_ack_event - cwnd=142, recv_wnd=44, snd_wnd=241
[10098.061660] TCPLog: cong_avoid - cwnd=142
[10098.064045] TCPLog: in_ack_event - cwnd=143, recv_wnd=44, snd_wnd=241
[10098.064070] TCPLog: cong_avoid - cwnd=143
[10098.064100] TCPLog: in_ack_event - cwnd=145, recv_wnd=44, snd_wnd=241
[10098.064112] TCPLog: cong_avoid - cwnd=145
[10098.065649] TCPLog: in_ack_event - cwnd=146, recv_wnd=44, snd_wnd=241
[10098.065675] TCPLog: cong_avoid - cwnd=146
[10098.066669] TCPLog: in_ack_event - cwnd=148, recv_wnd=44, snd_wnd=241
[10098.066694] TCPLog: cong_avoid - cwnd=148
[10098.067240] TCPLog: in_ack_event - cwnd=150, recv_wnd=44, snd_wnd=241
[10098.067266] TCPLog: cong_avoid - cwnd=150
[10098.067995] TCPLog: in_ack_event - cwnd=151, recv_wnd=44, snd_wnd=241
[10098.068018] TCPLog: cong_avoid - cwnd=151
[10098.069505] TCPLog: in_ack_event - cwnd=153, recv_wnd=44, snd_wnd=241
[10098.069531] TCPLog: cong_avoid - cwnd=153
[10098.069557] TCPLog: in_ack_event - cwnd=155, recv_wnd=44, snd_wnd=241
[10098.069575] TCPLog: cong_avoid - cwnd=155
[10098.071002] TCPLog: in_ack_event - cwnd=156, recv_wnd=44, snd_wnd=241
[10098.071026] TCPLog: cong_avoid - cwnd=156
[10098.072507] TCPLog: in_ack_event - cwnd=158, recv_wnd=44, snd_wnd=241
[10098.072532] TCPLog: cong_avoid - cwnd=158
[10098.073753] TCPLog: in_ack_event - cwnd=160, recv_wnd=44, snd_wnd=241
[10098.073776] TCPLog: cong_avoid - cwnd=160
[10098.074393] TCPLog: in_ack_event - cwnd=162, recv_wnd=44, snd_wnd=241
[10098.074418] TCPLog: cong_avoid - cwnd=162
[10098.077034] TCPLog: in_ack_event - cwnd=164, recv_wnd=44, snd_wnd=241
[10098.077061] TCPLog: cong_avoid - cwnd=164
[10098.077084] TCPLog: in_ack_event - cwnd=166, recv_wnd=44, snd_wnd=241
[10098.077096] TCPLog: cong_avoid - cwnd=166
[10098.078687] TCPLog: in_ack_event - cwnd=168, recv_wnd=44, snd_wnd=241
[10098.078713] TCPLog: cong_avoid - cwnd=168
[10098.079831] TCPLog: in_ack_event - cwnd=170, recv_wnd=44, snd_wnd=241
[10098.079857] TCPLog: cong_avoid - cwnd=170
[10098.080727] TCPLog: in_ack_event - cwnd=172, recv_wnd=44, snd_wnd=241
[10098.080763] TCPLog: cong_avoid - cwnd=172
[10098.082896] TCPLog: in_ack_event - cwnd=174, recv_wnd=44, snd_wnd=241
[10098.082920] TCPLog: cong_avoid - cwnd=174
[10098.084065] TCPLog: in_ack_event - cwnd=176, recv_wnd=44, snd_wnd=241
[10098.084087] TCPLog: cong_avoid - cwnd=176
[10098.085519] TCPLog: in_ack_event - cwnd=178, recv_wnd=44, snd_wnd=241
[10098.085525] TCPLog: cong_avoid - cwnd=178
[10098.085748] TCPLog: in_ack_event - cwnd=180, recv_wnd=44, snd_wnd=241
[10098.085755] TCPLog: cong_avoid - cwnd=180
[10098.088179] TCPLog: in_ack_event - cwnd=182, recv_wnd=44, snd_wnd=241
[10098.088204] TCPLog: cong_avoid - cwnd=182
[10098.089364] TCPLog: in_ack_event - cwnd=184, recv_wnd=44, snd_wnd=241
[10098.089390] TCPLog: cong_avoid - cwnd=184
[10098.089415] TCPLog: in_ack_event - cwnd=186, recv_wnd=44, snd_wnd=241
[10098.089427] TCPLog: cong_avoid - cwnd=186
[10098.090539] TCPLog: in_ack_event - cwnd=188, recv_wnd=44, snd_wnd=241
[10098.090564] TCPLog: cong_avoid - cwnd=188
[10098.092002] TCPLog: in_ack_event - cwnd=190, recv_wnd=44, snd_wnd=241
[10098.092025] TCPLog: cong_avoid - cwnd=190
[10098.093314] TCPLog: in_ack_event - cwnd=192, recv_wnd=44, snd_wnd=241
[10098.093341] TCPLog: set_state - state=TCP_CA_Disorder - cwnd=192
[10098.093353] TCPLog: cong_avoid - cwnd=192
[10098.093382] TCPLog: in_ack_event - cwnd=194, recv_wnd=44, snd_wnd=241
[10098.094399] TCPLog: in_ack_event - cwnd=194, recv_wnd=44, snd_wnd=241
[10098.094423] TCPLog: ssthresh
[10098.094433] TCPLog: set_state - state=TCP_CA_Recovery - cwnd=194
[10098.095087] TCPLog: in_ack_event - cwnd=192, recv_wnd=44, snd_wnd=241
[10098.097459] TCPLog: in_ack_event - cwnd=191, recv_wnd=44, snd_wnd=241
[10098.097525] TCPLog: in_ack_event - cwnd=185, recv_wnd=44, snd_wnd=241
[10098.098727] TCPLog: in_ack_event - cwnd=185, recv_wnd=44, snd_wnd=241
[10098.101800] TCPLog: in_ack_event - cwnd=179, recv_wnd=44, snd_wnd=241
[10098.101891] TCPLog: in_ack_event - cwnd=178, recv_wnd=44, snd_wnd=241
[10098.102590] TCPLog: in_ack_event - cwnd=177, recv_wnd=44, snd_wnd=241
[10098.103732] TCPLog: in_ack_event - cwnd=174, recv_wnd=44, snd_wnd=241
[10098.105206] TCPLog: in_ack_event - cwnd=169, recv_wnd=44, snd_wnd=241
[10098.105876] TCPLog: in_ack_event - cwnd=166, recv_wnd=44, snd_wnd=241
[10098.106787] TCPLog: in_ack_event - cwnd=164, recv_wnd=44, snd_wnd=241
[10098.109320] TCPLog: in_ack_event - cwnd=163, recv_wnd=44, snd_wnd=241
[10098.109400] TCPLog: in_ack_event - cwnd=158, recv_wnd=44, snd_wnd=241
[10098.110992] TCPLog: in_ack_event - cwnd=157, recv_wnd=44, snd_wnd=241
[10098.111893] TCPLog: in_ack_event - cwnd=154, recv_wnd=44, snd_wnd=241
[10098.113607] TCPLog: in_ack_event - cwnd=153, recv_wnd=44, snd_wnd=241
[10098.114981] TCPLog: in_ack_event - cwnd=148, recv_wnd=44, snd_wnd=241
[10098.116360] TCPLog: in_ack_event - cwnd=147, recv_wnd=44, snd_wnd=241
[10098.117465] TCPLog: in_ack_event - cwnd=141, recv_wnd=44, snd_wnd=241
[10098.118965] TCPLog: in_ack_event - cwnd=140, recv_wnd=44, snd_wnd=241
[10098.120125] TCPLog: in_ack_event - cwnd=135, recv_wnd=44, snd_wnd=241
[10098.120905] TCPLog: in_ack_event - cwnd=132, recv_wnd=44, snd_wnd=241
[10098.121559] TCPLog: in_ack_event - cwnd=128, recv_wnd=44, snd_wnd=241
[10098.122393] TCPLog: in_ack_event - cwnd=127, recv_wnd=44, snd_wnd=241
[10098.123756] TCPLog: in_ack_event - cwnd=126, recv_wnd=44, snd_wnd=241
[10098.125230] TCPLog: in_ack_event - cwnd=125, recv_wnd=44, snd_wnd=241
[10098.125877] TCPLog: in_ack_event - cwnd=121, recv_wnd=44, snd_wnd=241
[10098.128478] TCPLog: in_ack_event - cwnd=116, recv_wnd=44, snd_wnd=241
[10098.129551] TCPLog: in_ack_event - cwnd=113, recv_wnd=44, snd_wnd=241
[10098.130699] TCPLog: in_ack_event - cwnd=110, recv_wnd=44, snd_wnd=241
[10098.131391] TCPLog: in_ack_event - cwnd=105, recv_wnd=44, snd_wnd=241
[10098.132658] TCPLog: in_ack_event - cwnd=101, recv_wnd=44, snd_wnd=241
[10098.133382] TCPLog: in_ack_event - cwnd=98, recv_wnd=44, snd_wnd=241
[10098.135350] TCPLog: in_ack_event - cwnd=97, recv_wnd=44, snd_wnd=241
[10098.139175] TCPLog: in_ack_event - cwnd=97, recv_wnd=44, snd_wnd=241
[10098.139266] TCPLog: in_ack_event - cwnd=97, recv_wnd=44, snd_wnd=241
[10098.139330] TCPLog: in_ack_event - cwnd=97, recv_wnd=44, snd_wnd=241
[10098.139384] TCPLog: in_ack_event - cwnd=97, recv_wnd=44, snd_wnd=241
[10098.141648] TCPLog: in_ack_event - cwnd=97, recv_wnd=44, snd_wnd=241
[10098.141705] TCPLog: in_ack_event - cwnd=97, recv_wnd=44, snd_wnd=241
[10098.143870] TCPLog: in_ack_event - cwnd=97, recv_wnd=44, snd_wnd=241
[10098.143894] TCPLog: in_ack_event - cwnd=97, recv_wnd=44, snd_wnd=241
[10098.144966] TCPLog: in_ack_event - cwnd=97, recv_wnd=44, snd_wnd=241
[10098.146295] TCPLog: in_ack_event - cwnd=97, recv_wnd=44, snd_wnd=241
[10098.146879] TCPLog: in_ack_event - cwnd=97, recv_wnd=44, snd_wnd=241
[10098.147627] TCPLog: in_ack_event - cwnd=97, recv_wnd=44, snd_wnd=241
[10098.150048] TCPLog: in_ack_event - cwnd=97, recv_wnd=44, snd_wnd=241
[10098.150076] TCPLog: in_ack_event - cwnd=97, recv_wnd=44, snd_wnd=241
[10098.152618] TCPLog: in_ack_event - cwnd=97, recv_wnd=44, snd_wnd=241
[10098.152648] TCPLog: in_ack_event - cwnd=97, recv_wnd=44, snd_wnd=241
[10098.153649] TCPLog: in_ack_event - cwnd=97, recv_wnd=44, snd_wnd=235
[10098.153681] TCPLog: in_ack_event - cwnd=95, recv_wnd=44, snd_wnd=234
[10098.153694] TCPLog: in_ack_event - cwnd=96, recv_wnd=44, snd_wnd=233
[10098.154649] TCPLog: in_ack_event - cwnd=97, recv_wnd=44, snd_wnd=232
[10098.155295] TCPLog: in_ack_event - cwnd=97, recv_wnd=44, snd_wnd=231
[10098.155867] TCPLog: in_ack_event - cwnd=97, recv_wnd=44, snd_wnd=228
[10098.156513] TCPLog: in_ack_event - cwnd=97, recv_wnd=44, snd_wnd=227
[10098.157110] TCPLog: in_ack_event - cwnd=97, recv_wnd=44, snd_wnd=226
[10098.157733] TCPLog: in_ack_event - cwnd=97, recv_wnd=44, snd_wnd=225
[10098.158385] TCPLog: in_ack_event - cwnd=97, recv_wnd=44, snd_wnd=217
[10098.159109] TCPLog: in_ack_event - cwnd=97, recv_wnd=44, snd_wnd=216
[10098.159664] TCPLog: in_ack_event - cwnd=97, recv_wnd=44, snd_wnd=216
[10098.160299] TCPLog: in_ack_event - cwnd=97, recv_wnd=44, snd_wnd=214
[10098.160324] TCPLog: in_ack_event - cwnd=97, recv_wnd=44, snd_wnd=213
[10098.161122] TCPLog: in_ack_event - cwnd=97, recv_wnd=44, snd_wnd=212
[10098.161765] TCPLog: in_ack_event - cwnd=97, recv_wnd=44, snd_wnd=208
[10098.162599] TCPLog: in_ack_event - cwnd=97, recv_wnd=44, snd_wnd=207
[10098.163319] TCPLog: in_ack_event - cwnd=97, recv_wnd=44, snd_wnd=206
[10098.163923] TCPLog: in_ack_event - cwnd=97, recv_wnd=44, snd_wnd=204
[10098.164617] TCPLog: in_ack_event - cwnd=97, recv_wnd=44, snd_wnd=200
[10098.165967] TCPLog: in_ack_event - cwnd=97, recv_wnd=44, snd_wnd=198
[10098.166045] TCPLog: in_ack_event - cwnd=97, recv_wnd=44, snd_wnd=197
[10098.166134] TCPLog: in_ack_event - cwnd=97, recv_wnd=44, snd_wnd=196
[10098.166949] TCPLog: in_ack_event - cwnd=97, recv_wnd=44, snd_wnd=191
[10098.167560] TCPLog: in_ack_event - cwnd=97, recv_wnd=44, snd_wnd=192
[10098.169383] TCPLog: in_ack_event - cwnd=97, recv_wnd=44, snd_wnd=192
[10098.169409] TCPLog: in_ack_event - cwnd=97, recv_wnd=44, snd_wnd=194
[10098.170129] TCPLog: in_ack_event - cwnd=97, recv_wnd=44, snd_wnd=195
[10098.170154] TCPLog: in_ack_event - cwnd=97, recv_wnd=44, snd_wnd=195
[10098.171238] TCPLog: in_ack_event - cwnd=97, recv_wnd=44, snd_wnd=195
[10098.171839] TCPLog: in_ack_event - cwnd=97, recv_wnd=44, snd_wnd=197
[10098.172464] TCPLog: in_ack_event - cwnd=97, recv_wnd=44, snd_wnd=197
[10098.173042] TCPLog: in_ack_event - cwnd=97, recv_wnd=44, snd_wnd=197
[10098.173973] TCPLog: in_ack_event - cwnd=97, recv_wnd=44, snd_wnd=198
[10098.173997] TCPLog: in_ack_event - cwnd=97, recv_wnd=44, snd_wnd=198
[10098.174968] TCPLog: in_ack_event - cwnd=97, recv_wnd=44, snd_wnd=200
[10098.175540] TCPLog: in_ack_event - cwnd=97, recv_wnd=44, snd_wnd=200
[10098.175586] TCPLog: in_ack_event - cwnd=97, recv_wnd=44, snd_wnd=200
[10098.176862] TCPLog: in_ack_event - cwnd=97, recv_wnd=44, snd_wnd=200
[10098.176889] TCPLog: in_ack_event - cwnd=97, recv_wnd=44, snd_wnd=201
[10098.177677] TCPLog: in_ack_event - cwnd=97, recv_wnd=44, snd_wnd=201
[10098.178914] TCPLog: in_ack_event - cwnd=97, recv_wnd=44, snd_wnd=203
[10098.178938] TCPLog: in_ack_event - cwnd=97, recv_wnd=44, snd_wnd=203
[10098.179861] TCPLog: in_ack_event - cwnd=97, recv_wnd=44, snd_wnd=204
[10098.179910] TCPLog: in_ack_event - cwnd=97, recv_wnd=44, snd_wnd=208
[10098.180866] TCPLog: in_ack_event - cwnd=97, recv_wnd=44, snd_wnd=208
[10098.181596] TCPLog: in_ack_event - cwnd=97, recv_wnd=44, snd_wnd=208
[10098.182199] TCPLog: in_ack_event - cwnd=97, recv_wnd=44, snd_wnd=210
[10098.182879] TCPLog: in_ack_event - cwnd=97, recv_wnd=44, snd_wnd=210
[10098.182904] TCPLog: in_ack_event - cwnd=97, recv_wnd=44, snd_wnd=210
[10098.183999] TCPLog: in_ack_event - cwnd=97, recv_wnd=44, snd_wnd=210
[10098.184618] TCPLog: in_ack_event - cwnd=97, recv_wnd=44, snd_wnd=211
[10098.185234] TCPLog: in_ack_event - cwnd=97, recv_wnd=44, snd_wnd=211
[10098.185917] TCPLog: in_ack_event - cwnd=97, recv_wnd=44, snd_wnd=212
[10098.185967] TCPLog: in_ack_event - cwnd=97, recv_wnd=44, snd_wnd=213
[10098.187922] TCPLog: in_ack_event - cwnd=97, recv_wnd=44, snd_wnd=214
[10098.187945] TCPLog: in_ack_event - cwnd=97, recv_wnd=44, snd_wnd=214
[10098.189074] TCPLog: in_ack_event - cwnd=97, recv_wnd=44, snd_wnd=214
[10098.189101] TCPLog: in_ack_event - cwnd=97, recv_wnd=44, snd_wnd=214
[10098.189112] TCPLog: in_ack_event - cwnd=97, recv_wnd=44, snd_wnd=216
[10098.189929] TCPLog: in_ack_event - cwnd=97, recv_wnd=44, snd_wnd=216
[10098.190587] TCPLog: in_ack_event - cwnd=97, recv_wnd=44, snd_wnd=216
[10098.192463] TCPLog: in_ack_event - cwnd=97, recv_wnd=44, snd_wnd=217
[10098.192489] TCPLog: in_ack_event - cwnd=97, recv_wnd=44, snd_wnd=218
[10098.192500] TCPLog: in_ack_event - cwnd=97, recv_wnd=44, snd_wnd=219
[10098.193210] TCPLog: in_ack_event - cwnd=97, recv_wnd=44, snd_wnd=219
[10098.193626] TCPLog: in_ack_event - cwnd=97, recv_wnd=44, snd_wnd=223
[10098.194468] TCPLog: in_ack_event - cwnd=97, recv_wnd=44, snd_wnd=223
[10098.195160] TCPLog: in_ack_event - cwnd=97, recv_wnd=44, snd_wnd=223
[10098.195187] TCPLog: in_ack_event - cwnd=97, recv_wnd=44, snd_wnd=223
[10098.195949] TCPLog: in_ack_event - cwnd=97, recv_wnd=44, snd_wnd=223
[10098.196632] TCPLog: in_ack_event - cwnd=97, recv_wnd=44, snd_wnd=223
[10098.198644] TCPLog: in_ack_event - cwnd=97, recv_wnd=44, snd_wnd=224
[10098.198666] TCPLog: in_ack_event - cwnd=97, recv_wnd=44, snd_wnd=225
[10098.198682] TCPLog: in_ack_event - cwnd=97, recv_wnd=44, snd_wnd=226
[10098.198695] TCPLog: in_ack_event - cwnd=97, recv_wnd=44, snd_wnd=244
[10098.200978] TCPLog: in_ack_event - cwnd=97, recv_wnd=44, snd_wnd=246
[10098.201002] TCPLog: in_ack_event - cwnd=97, recv_wnd=44, snd_wnd=248
[10098.201013] TCPLog: in_ack_event - cwnd=97, recv_wnd=44, snd_wnd=250
[10098.202351] TCPLog: in_ack_event - cwnd=97, recv_wnd=44, snd_wnd=252
[10098.202377] TCPLog: in_ack_event - cwnd=97, recv_wnd=44, snd_wnd=254
[10098.202389] TCPLog: in_ack_event - cwnd=97, recv_wnd=44, snd_wnd=256
[10098.203833] TCPLog: in_ack_event - cwnd=97, recv_wnd=44, snd_wnd=258
[10098.203862] TCPLog: in_ack_event - cwnd=97, recv_wnd=44, snd_wnd=260
[10098.204544] TCPLog: in_ack_event - cwnd=97, recv_wnd=44, snd_wnd=262
[10098.205683] TCPLog: in_ack_event - cwnd=97, recv_wnd=44, snd_wnd=264
[10098.205767] TCPLog: in_ack_event - cwnd=97, recv_wnd=44, snd_wnd=266
[10098.206723] TCPLog: in_ack_event - cwnd=97, recv_wnd=44, snd_wnd=268
[10098.207418] TCPLog: in_ack_event - cwnd=97, recv_wnd=44, snd_wnd=270
[10098.207442] TCPLog: in_ack_event - cwnd=97, recv_wnd=44, snd_wnd=272
[10098.208314] TCPLog: in_ack_event - cwnd=97, recv_wnd=44, snd_wnd=274
[10098.209014] TCPLog: in_ack_event - cwnd=97, recv_wnd=44, snd_wnd=276
[10098.209567] TCPLog: in_ack_event - cwnd=97, recv_wnd=44, snd_wnd=278
[10098.210405] TCPLog: in_ack_event - cwnd=97, recv_wnd=44, snd_wnd=280
[10098.210893] TCPLog: in_ack_event - cwnd=97, recv_wnd=44, snd_wnd=282
[10098.211621] TCPLog: in_ack_event - cwnd=97, recv_wnd=44, snd_wnd=284
[10098.211646] TCPLog: in_ack_event - cwnd=97, recv_wnd=44, snd_wnd=286
[10098.212709] TCPLog: in_ack_event - cwnd=97, recv_wnd=44, snd_wnd=288
[10098.213349] TCPLog: in_ack_event - cwnd=94, recv_wnd=44, snd_wnd=290
[10098.213895] TCPLog: in_ack_event - cwnd=94, recv_wnd=44, snd_wnd=292
[10098.214681] TCPLog: in_ack_event - cwnd=94, recv_wnd=44, snd_wnd=295
[10098.215638] TCPLog: in_ack_event - cwnd=94, recv_wnd=44, snd_wnd=296
[10098.215663] TCPLog: in_ack_event - cwnd=94, recv_wnd=44, snd_wnd=299
[10098.217044] TCPLog: in_ack_event - cwnd=94, recv_wnd=44, snd_wnd=301
[10098.217208] TCPLog: in_ack_event - cwnd=94, recv_wnd=44, snd_wnd=303
[10098.218044] TCPLog: in_ack_event - cwnd=94, recv_wnd=44, snd_wnd=305
[10098.218059] TCPLog: in_ack_event - cwnd=94, recv_wnd=44, snd_wnd=307
[10098.218471] TCPLog: in_ack_event - cwnd=94, recv_wnd=44, snd_wnd=309
[10098.220465] TCPLog: in_ack_event - cwnd=94, recv_wnd=44, snd_wnd=311
[10098.220488] TCPLog: in_ack_event - cwnd=94, recv_wnd=44, snd_wnd=313
[10098.220503] TCPLog: in_ack_event - cwnd=94, recv_wnd=44, snd_wnd=315
[10098.221721] TCPLog: in_ack_event - cwnd=94, recv_wnd=44, snd_wnd=317
[10098.221750] TCPLog: in_ack_event - cwnd=94, recv_wnd=44, snd_wnd=319
[10098.223128] TCPLog: in_ack_event - cwnd=94, recv_wnd=44, snd_wnd=321
[10098.223210] TCPLog: in_ack_event - cwnd=94, recv_wnd=44, snd_wnd=323
[10098.223949] TCPLog: in_ack_event - cwnd=94, recv_wnd=44, snd_wnd=325
[10098.224394] TCPLog: in_ack_event - cwnd=94, recv_wnd=44, snd_wnd=327
[10098.224995] TCPLog: in_ack_event - cwnd=94, recv_wnd=44, snd_wnd=329
[10098.225287] TCPLog: in_ack_event - cwnd=94, recv_wnd=44, snd_wnd=331
[10098.226167] TCPLog: in_ack_event - cwnd=94, recv_wnd=44, snd_wnd=333
[10098.226798] TCPLog: in_ack_event - cwnd=94, recv_wnd=44, snd_wnd=335
[10098.227604] TCPLog: in_ack_event - cwnd=94, recv_wnd=44, snd_wnd=337
[10098.227682] TCPLog: in_ack_event - cwnd=94, recv_wnd=44, snd_wnd=339
[10098.228662] TCPLog: in_ack_event - cwnd=94, recv_wnd=44, snd_wnd=341
[10098.229280] TCPLog: in_ack_event - cwnd=94, recv_wnd=44, snd_wnd=343
[10098.229973] TCPLog: in_ack_event - cwnd=94, recv_wnd=44, snd_wnd=345
[10098.230770] TCPLog: in_ack_event - cwnd=94, recv_wnd=44, snd_wnd=347
[10098.230844] TCPLog: in_ack_event - cwnd=94, recv_wnd=44, snd_wnd=349
[10098.232104] TCPLog: in_ack_event - cwnd=94, recv_wnd=44, snd_wnd=351
[10098.233257] TCPLog: in_ack_event - cwnd=94, recv_wnd=44, snd_wnd=353
[10098.233319] TCPLog: in_ack_event - cwnd=94, recv_wnd=44, snd_wnd=355
[10098.234161] TCPLog: in_ack_event - cwnd=94, recv_wnd=44, snd_wnd=357
[10098.234187] TCPLog: in_ack_event - cwnd=94, recv_wnd=44, snd_wnd=359
[10098.234467] TCPLog: in_ack_event - cwnd=94, recv_wnd=44, snd_wnd=361
[10098.236413] TCPLog: in_ack_event - cwnd=94, recv_wnd=44, snd_wnd=363
[10098.236492] TCPLog: in_ack_event - cwnd=94, recv_wnd=44, snd_wnd=365
[10098.237508] TCPLog: in_ack_event - cwnd=94, recv_wnd=44, snd_wnd=367
[10098.237531] TCPLog: in_ack_event - cwnd=94, recv_wnd=44, snd_wnd=369
[10098.237546] TCPLog: in_ack_event - cwnd=94, recv_wnd=44, snd_wnd=371
[10098.238904] TCPLog: in_ack_event - cwnd=94, recv_wnd=44, snd_wnd=373
[10098.241415] TCPLog: in_ack_event - cwnd=94, recv_wnd=44, snd_wnd=375
[10098.241494] TCPLog: in_ack_event - cwnd=94, recv_wnd=44, snd_wnd=377
[10098.241557] TCPLog: in_ack_event - cwnd=94, recv_wnd=44, snd_wnd=379
[10098.242449] TCPLog: in_ack_event - cwnd=94, recv_wnd=44, snd_wnd=381
[10098.242474] TCPLog: in_ack_event - cwnd=94, recv_wnd=44, snd_wnd=383
[10098.242484] TCPLog: in_ack_event - cwnd=94, recv_wnd=44, snd_wnd=385
[10098.243701] TCPLog: in_ack_event - cwnd=94, recv_wnd=44, snd_wnd=387
[10098.243725] TCPLog: in_ack_event - cwnd=94, recv_wnd=44, snd_wnd=389
[10098.243737] TCPLog: in_ack_event - cwnd=94, recv_wnd=44, snd_wnd=391
[10098.245908] TCPLog: in_ack_event - cwnd=94, recv_wnd=44, snd_wnd=393
[10098.245988] TCPLog: in_ack_event - cwnd=94, recv_wnd=44, snd_wnd=395
[10098.246047] TCPLog: in_ack_event - cwnd=94, recv_wnd=44, snd_wnd=398
[10098.246887] TCPLog: in_ack_event - cwnd=94, recv_wnd=44, snd_wnd=399
[10098.246937] TCPLog: in_ack_event - cwnd=94, recv_wnd=44, snd_wnd=402
[10098.248157] TCPLog: in_ack_event - cwnd=94, recv_wnd=44, snd_wnd=403
[10098.248893] TCPLog: in_ack_event - cwnd=94, recv_wnd=44, snd_wnd=406
[10098.248916] TCPLog: in_ack_event - cwnd=94, recv_wnd=44, snd_wnd=408
[10098.250034] TCPLog: in_ack_event - cwnd=94, recv_wnd=44, snd_wnd=410
[10098.250613] TCPLog: in_ack_event - cwnd=94, recv_wnd=44, snd_wnd=412
[10098.250636] TCPLog: in_ack_event - cwnd=94, recv_wnd=44, snd_wnd=414
[10098.251480] TCPLog: in_ack_event - cwnd=94, recv_wnd=44, snd_wnd=416
[10098.252046] TCPLog: in_ack_event - cwnd=94, recv_wnd=44, snd_wnd=418
[10098.252738] TCPLog: in_ack_event - cwnd=94, recv_wnd=44, snd_wnd=420
[10098.253360] TCPLog: in_ack_event - cwnd=94, recv_wnd=44, snd_wnd=422
[10098.253388] TCPLog: in_ack_event - cwnd=94, recv_wnd=44, snd_wnd=424
[10098.254714] TCPLog: in_ack_event - cwnd=94, recv_wnd=44, snd_wnd=426
[10098.255415] TCPLog: in_ack_event - cwnd=94, recv_wnd=44, snd_wnd=428
[10098.255439] TCPLog: in_ack_event - cwnd=94, recv_wnd=44, snd_wnd=430
[10098.256613] TCPLog: in_ack_event - cwnd=94, recv_wnd=44, snd_wnd=432
[10098.256637] TCPLog: in_ack_event - cwnd=94, recv_wnd=44, snd_wnd=434
[10098.257813] TCPLog: in_ack_event - cwnd=94, recv_wnd=44, snd_wnd=436
[10098.258362] TCPLog: in_ack_event - cwnd=94, recv_wnd=44, snd_wnd=438
[10098.258906] TCPLog: in_ack_event - cwnd=94, recv_wnd=44, snd_wnd=440
[10098.259650] TCPLog: in_ack_event - cwnd=94, recv_wnd=44, snd_wnd=442
[10098.259674] TCPLog: in_ack_event - cwnd=94, recv_wnd=44, snd_wnd=444
[10098.260644] TCPLog: in_ack_event - cwnd=94, recv_wnd=44, snd_wnd=446
[10098.261352] TCPLog: in_ack_event - cwnd=94, recv_wnd=44, snd_wnd=448
[10098.261947] TCPLog: in_ack_event - cwnd=94, recv_wnd=44, snd_wnd=450
[10098.262560] TCPLog: in_ack_event - cwnd=94, recv_wnd=44, snd_wnd=452
[10098.263042] TCPLog: in_ack_event - cwnd=94, recv_wnd=44, snd_wnd=454
[10098.263731] TCPLog: in_ack_event - cwnd=94, recv_wnd=44, snd_wnd=456
[10098.264454] TCPLog: in_ack_event - cwnd=94, recv_wnd=44, snd_wnd=458
[10098.265107] TCPLog: in_ack_event - cwnd=94, recv_wnd=44, snd_wnd=460
[10098.265824] TCPLog: in_ack_event - cwnd=94, recv_wnd=44, snd_wnd=462
[10098.265848] TCPLog: in_ack_event - cwnd=94, recv_wnd=44, snd_wnd=464
[10098.266304] TCPLog: in_ack_event - cwnd=94, recv_wnd=44, snd_wnd=466
[10098.268411] TCPLog: in_ack_event - cwnd=94, recv_wnd=44, snd_wnd=468
[10098.268434] TCPLog: in_ack_event - cwnd=94, recv_wnd=44, snd_wnd=470
[10098.268445] TCPLog: in_ack_event - cwnd=94, recv_wnd=44, snd_wnd=472
[10098.269735] TCPLog: in_ack_event - cwnd=94, recv_wnd=44, snd_wnd=474
[10098.269789] TCPLog: in_ack_event - cwnd=94, recv_wnd=44, snd_wnd=476
[10098.271193] TCPLog: in_ack_event - cwnd=94, recv_wnd=44, snd_wnd=478
[10098.271242] TCPLog: set_state - state=TCP_CA_Open - cwnd=94
[10098.271248] TCPLog: cwnd_event - ev=CA_EVENT_COMPLETE_CWR, cwnd=97
[10098.271254] TCPLog: ssthresh
[10098.271259] TCPLog: set_state - state=TCP_CA_Recovery - cwnd=97
[10098.271275] TCPLog: in_ack_event - cwnd=94, recv_wnd=44, snd_wnd=480
[10098.272433] TCPLog: in_ack_event - cwnd=93, recv_wnd=44, snd_wnd=482
[10098.272460] TCPLog: in_ack_event - cwnd=93, recv_wnd=44, snd_wnd=484
[10098.272583] TCPLog: in_ack_event - cwnd=92, recv_wnd=44, snd_wnd=486
[10098.274605] TCPLog: in_ack_event - cwnd=92, recv_wnd=44, snd_wnd=488
[10098.274621] TCPLog: in_ack_event - cwnd=91, recv_wnd=44, snd_wnd=490
[10098.274635] TCPLog: in_ack_event - cwnd=91, recv_wnd=44, snd_wnd=492
[10098.275395] TCPLog: in_ack_event - cwnd=90, recv_wnd=44, snd_wnd=494
[10098.276104] TCPLog: in_ack_event - cwnd=90, recv_wnd=44, snd_wnd=496
[10098.276770] TCPLog: in_ack_event - cwnd=89, recv_wnd=44, snd_wnd=498
[10098.277325] TCPLog: in_ack_event - cwnd=89, recv_wnd=44, snd_wnd=500
[10098.278115] TCPLog: in_ack_event - cwnd=88, recv_wnd=44, snd_wnd=502
[10098.278714] TCPLog: in_ack_event - cwnd=88, recv_wnd=44, snd_wnd=505
[10098.278733] TCPLog: in_ack_event - cwnd=87, recv_wnd=44, snd_wnd=507
[10098.280662] TCPLog: in_ack_event - cwnd=87, recv_wnd=44, snd_wnd=509
[10098.280680] TCPLog: in_ack_event - cwnd=86, recv_wnd=44, snd_wnd=511
[10098.280694] TCPLog: in_ack_event - cwnd=86, recv_wnd=44, snd_wnd=513
[10098.281994] TCPLog: in_ack_event - cwnd=85, recv_wnd=44, snd_wnd=515
[10098.282017] TCPLog: in_ack_event - cwnd=85, recv_wnd=44, snd_wnd=517
[10098.282322] TCPLog: in_ack_event - cwnd=84, recv_wnd=44, snd_wnd=519
[10098.284144] TCPLog: in_ack_event - cwnd=84, recv_wnd=44, snd_wnd=521
[10098.284202] TCPLog: in_ack_event - cwnd=83, recv_wnd=44, snd_wnd=523
[10098.284246] TCPLog: in_ack_event - cwnd=83, recv_wnd=44, snd_wnd=525
[10098.285226] TCPLog: in_ack_event - cwnd=82, recv_wnd=44, snd_wnd=527
[10098.285855] TCPLog: in_ack_event - cwnd=82, recv_wnd=44, snd_wnd=529
[10098.286339] TCPLog: in_ack_event - cwnd=81, recv_wnd=44, snd_wnd=531
[10098.287079] TCPLog: in_ack_event - cwnd=81, recv_wnd=44, snd_wnd=533
[10098.287595] TCPLog: in_ack_event - cwnd=80, recv_wnd=44, snd_wnd=535
[10098.288447] TCPLog: in_ack_event - cwnd=80, recv_wnd=44, snd_wnd=537
[10098.288504] TCPLog: in_ack_event - cwnd=79, recv_wnd=44, snd_wnd=539
[10098.289906] TCPLog: in_ack_event - cwnd=79, recv_wnd=44, snd_wnd=541
[10098.291071] TCPLog: in_ack_event - cwnd=78, recv_wnd=44, snd_wnd=543
[10098.291099] TCPLog: in_ack_event - cwnd=78, recv_wnd=44, snd_wnd=545
[10098.291107] TCPLog: in_ack_event - cwnd=77, recv_wnd=44, snd_wnd=547
[10098.292182] TCPLog: in_ack_event - cwnd=77, recv_wnd=44, snd_wnd=549
[10098.292476] TCPLog: in_ack_event - cwnd=76, recv_wnd=44, snd_wnd=551
[10098.293676] TCPLog: in_ack_event - cwnd=76, recv_wnd=44, snd_wnd=553
[10098.293694] TCPLog: in_ack_event - cwnd=75, recv_wnd=44, snd_wnd=555
[10098.294623] TCPLog: in_ack_event - cwnd=75, recv_wnd=44, snd_wnd=557
[10098.294676] TCPLog: in_ack_event - cwnd=74, recv_wnd=44, snd_wnd=559
[10098.295119] TCPLog: in_ack_event - cwnd=74, recv_wnd=44, snd_wnd=561
[10098.296473] TCPLog: in_ack_event - cwnd=73, recv_wnd=44, snd_wnd=563
[10098.297219] TCPLog: in_ack_event - cwnd=73, recv_wnd=44, snd_wnd=565
[10098.297603] TCPLog: in_ack_event - cwnd=72, recv_wnd=44, snd_wnd=567
[10098.298370] TCPLog: in_ack_event - cwnd=72, recv_wnd=44, snd_wnd=569
[10098.298386] TCPLog: in_ack_event - cwnd=71, recv_wnd=44, snd_wnd=571
[10098.299650] TCPLog: in_ack_event - cwnd=71, recv_wnd=44, snd_wnd=573
[10098.300391] TCPLog: in_ack_event - cwnd=70, recv_wnd=44, snd_wnd=575
[10098.300414] TCPLog: in_ack_event - cwnd=70, recv_wnd=44, snd_wnd=577
[10098.301659] TCPLog: in_ack_event - cwnd=69, recv_wnd=44, snd_wnd=579
[10098.301682] TCPLog: in_ack_event - cwnd=69, recv_wnd=44, snd_wnd=581
[10098.302774] TCPLog: in_ack_event - cwnd=68, recv_wnd=44, snd_wnd=583
[10098.303388] TCPLog: in_ack_event - cwnd=68, recv_wnd=44, snd_wnd=585
[10098.303446] TCPLog: in_ack_event - cwnd=67, recv_wnd=44, snd_wnd=587
[10098.304385] TCPLog: in_ack_event - cwnd=67, recv_wnd=44, snd_wnd=589
[10098.305136] TCPLog: in_ack_event - cwnd=66, recv_wnd=44, snd_wnd=591
[10098.306157] TCPLog: in_ack_event - cwnd=66, recv_wnd=44, snd_wnd=593
[10098.306172] TCPLog: in_ack_event - cwnd=65, recv_wnd=44, snd_wnd=595
[10098.307687] TCPLog: in_ack_event - cwnd=65, recv_wnd=44, snd_wnd=597
[10098.307763] TCPLog: in_ack_event - cwnd=64, recv_wnd=44, snd_wnd=599
[10098.307813] TCPLog: in_ack_event - cwnd=64, recv_wnd=44, snd_wnd=601
[10098.308654] TCPLog: in_ack_event - cwnd=63, recv_wnd=44, snd_wnd=603
[10098.309293] TCPLog: in_ack_event - cwnd=63, recv_wnd=44, snd_wnd=605
[10098.309910] TCPLog: in_ack_event - cwnd=62, recv_wnd=44, snd_wnd=608
[10098.310628] TCPLog: in_ack_event - cwnd=62, recv_wnd=44, snd_wnd=610
[10098.310645] TCPLog: in_ack_event - cwnd=61, recv_wnd=44, snd_wnd=612
[10098.312075] TCPLog: in_ack_event - cwnd=61, recv_wnd=44, snd_wnd=614
[10098.313356] TCPLog: in_ack_event - cwnd=60, recv_wnd=44, snd_wnd=616
[10098.313381] TCPLog: in_ack_event - cwnd=60, recv_wnd=44, snd_wnd=618
[10098.314514] TCPLog: in_ack_event - cwnd=59, recv_wnd=44, snd_wnd=620
[10098.314588] TCPLog: in_ack_event - cwnd=59, recv_wnd=44, snd_wnd=622
[10098.314615] TCPLog: in_ack_event - cwnd=58, recv_wnd=44, snd_wnd=624
[10098.315452] TCPLog: in_ack_event - cwnd=58, recv_wnd=44, snd_wnd=626
[10098.316085] TCPLog: in_ack_event - cwnd=57, recv_wnd=44, snd_wnd=628
[10098.317286] TCPLog: in_ack_event - cwnd=57, recv_wnd=44, snd_wnd=630
[10098.317305] TCPLog: in_ack_event - cwnd=56, recv_wnd=44, snd_wnd=632
[10098.318508] TCPLog: in_ack_event - cwnd=56, recv_wnd=44, snd_wnd=634
[10098.318525] TCPLog: in_ack_event - cwnd=55, recv_wnd=44, snd_wnd=636
[10098.319649] TCPLog: in_ack_event - cwnd=55, recv_wnd=44, snd_wnd=638
[10098.319665] TCPLog: in_ack_event - cwnd=54, recv_wnd=44, snd_wnd=640
[10098.319877] TCPLog: in_ack_event - cwnd=54, recv_wnd=44, snd_wnd=642
[10098.320627] TCPLog: in_ack_event - cwnd=53, recv_wnd=44, snd_wnd=644
[10098.321378] TCPLog: in_ack_event - cwnd=53, recv_wnd=44, snd_wnd=646
[10098.323218] TCPLog: in_ack_event - cwnd=52, recv_wnd=44, snd_wnd=648
[10098.323242] TCPLog: in_ack_event - cwnd=52, recv_wnd=44, snd_wnd=650
[10098.324425] TCPLog: in_ack_event - cwnd=51, recv_wnd=44, snd_wnd=652
[10098.324504] TCPLog: in_ack_event - cwnd=51, recv_wnd=44, snd_wnd=654
[10098.325607] TCPLog: in_ack_event - cwnd=50, recv_wnd=44, snd_wnd=656
[10098.325632] TCPLog: in_ack_event - cwnd=50, recv_wnd=44, snd_wnd=658
[10098.325950] TCPLog: in_ack_event - cwnd=49, recv_wnd=44, snd_wnd=660
[10098.326713] TCPLog: in_ack_event - cwnd=48, recv_wnd=44, snd_wnd=662
[10098.326805] TCPLog: in_ack_event - cwnd=48, recv_wnd=44, snd_wnd=664
[10098.328140] TCPLog: in_ack_event - cwnd=48, recv_wnd=44, snd_wnd=666
[10098.328186] TCPLog: set_state - state=TCP_CA_Open - cwnd=48
[10098.328213] TCPLog: cwnd_event - ev=CA_EVENT_COMPLETE_CWR, cwnd=48
[10098.328234] TCPLog: cong_avoid - cwnd=48
[10098.328296] TCPLog: in_ack_event - cwnd=48, recv_wnd=44, snd_wnd=668
[10098.328320] TCPLog: cong_avoid - cwnd=48
[10098.329269] TCPLog: in_ack_event - cwnd=48, recv_wnd=44, snd_wnd=670
[10098.329286] TCPLog: cong_avoid - cwnd=48
[10098.329300] TCPLog: in_ack_event - cwnd=48, recv_wnd=44, snd_wnd=672
[10098.329306] TCPLog: cong_avoid - cwnd=48
[10098.330021] TCPLog: in_ack_event - cwnd=48, recv_wnd=44, snd_wnd=674
[10098.330035] TCPLog: cong_avoid - cwnd=48
[10098.330690] TCPLog: in_ack_event - cwnd=48, recv_wnd=44, snd_wnd=676
[10098.330706] TCPLog: cong_avoid - cwnd=48
[10098.332372] TCPLog: in_ack_event - cwnd=48, recv_wnd=44, snd_wnd=678
[10098.332397] TCPLog: cong_avoid - cwnd=48
[10098.332425] TCPLog: in_ack_event - cwnd=48, recv_wnd=44, snd_wnd=680
[10098.332432] TCPLog: cong_avoid - cwnd=48
[10098.332437] TCPLog: in_ack_event - cwnd=48, recv_wnd=44, snd_wnd=682
[10098.332445] TCPLog: cong_avoid - cwnd=48
[10098.333427] TCPLog: in_ack_event - cwnd=48, recv_wnd=44, snd_wnd=684
[10098.333446] TCPLog: cong_avoid - cwnd=48
[10098.333468] TCPLog: in_ack_event - cwnd=48, recv_wnd=44, snd_wnd=686
[10098.333476] TCPLog: cong_avoid - cwnd=48
[10098.334416] TCPLog: in_ack_event - cwnd=48, recv_wnd=44, snd_wnd=688
[10098.334430] TCPLog: cong_avoid - cwnd=48
[10098.335130] TCPLog: in_ack_event - cwnd=48, recv_wnd=44, snd_wnd=690
[10098.335145] TCPLog: cong_avoid - cwnd=48
[10098.335697] TCPLog: in_ack_event - cwnd=48, recv_wnd=44, snd_wnd=692
[10098.335740] TCPLog: cong_avoid - cwnd=48
[10098.336347] TCPLog: in_ack_event - cwnd=48, recv_wnd=44, snd_wnd=694
[10098.336361] TCPLog: cong_avoid - cwnd=48
[10098.336985] TCPLog: in_ack_event - cwnd=48, recv_wnd=44, snd_wnd=696
[10098.336999] TCPLog: cong_avoid - cwnd=48
[10098.337543] TCPLog: in_ack_event - cwnd=48, recv_wnd=44, snd_wnd=698
[10098.337557] TCPLog: cong_avoid - cwnd=48
[10098.338182] TCPLog: in_ack_event - cwnd=48, recv_wnd=44, snd_wnd=700
[10098.338199] TCPLog: cong_avoid - cwnd=48
[10098.338938] TCPLog: in_ack_event - cwnd=48, recv_wnd=44, snd_wnd=702
[10098.338953] TCPLog: cong_avoid - cwnd=48
[10098.338958] TCPLog: in_ack_event - cwnd=48, recv_wnd=44, snd_wnd=704
[10098.338964] TCPLog: cong_avoid - cwnd=48
[10098.340380] TCPLog: in_ack_event - cwnd=48, recv_wnd=44, snd_wnd=706
[10098.340395] TCPLog: cong_avoid - cwnd=48
[10098.340936] TCPLog: in_ack_event - cwnd=48, recv_wnd=44, snd_wnd=708
[10098.340978] TCPLog: cong_avoid - cwnd=48
[10098.341640] TCPLog: in_ack_event - cwnd=48, recv_wnd=44, snd_wnd=710
[10098.341654] TCPLog: cong_avoid - cwnd=48
[10098.342738] TCPLog: in_ack_event - cwnd=48, recv_wnd=44, snd_wnd=713
[10098.342772] TCPLog: cong_avoid - cwnd=48
[10098.342819] TCPLog: in_ack_event - cwnd=48, recv_wnd=44, snd_wnd=715
[10098.342852] TCPLog: cong_avoid - cwnd=48
[10098.342940] TCPLog: in_ack_event - cwnd=48, recv_wnd=44, snd_wnd=717
[10098.342965] TCPLog: cong_avoid - cwnd=48
[10098.345156] TCPLog: in_ack_event - cwnd=48, recv_wnd=44, snd_wnd=719
[10098.345174] TCPLog: cong_avoid - cwnd=48
[10098.345188] TCPLog: in_ack_event - cwnd=48, recv_wnd=44, snd_wnd=721
[10098.345194] TCPLog: cong_avoid - cwnd=48
[10098.345199] TCPLog: in_ack_event - cwnd=48, recv_wnd=44, snd_wnd=723
[10098.345204] TCPLog: cong_avoid - cwnd=48
[10098.346456] TCPLog: in_ack_event - cwnd=48, recv_wnd=44, snd_wnd=725
[10098.346497] TCPLog: cong_avoid - cwnd=48
[10098.346541] TCPLog: in_ack_event - cwnd=48, recv_wnd=44, snd_wnd=727
[10098.346576] TCPLog: cong_avoid - cwnd=48
[10098.347508] TCPLog: in_ack_event - cwnd=48, recv_wnd=44, snd_wnd=729
[10098.347522] TCPLog: cong_avoid - cwnd=48
[10098.348033] TCPLog: in_ack_event - cwnd=48, recv_wnd=44, snd_wnd=731
[10098.348077] TCPLog: cong_avoid - cwnd=48
[10098.348760] TCPLog: in_ack_event - cwnd=48, recv_wnd=44, snd_wnd=733
[10098.348770] TCPLog: cong_avoid - cwnd=48
[10098.349413] TCPLog: in_ack_event - cwnd=48, recv_wnd=44, snd_wnd=735
[10098.349456] TCPLog: cong_avoid - cwnd=48
[10098.349475] TCPLog: in_ack_event - cwnd=48, recv_wnd=44, snd_wnd=737
[10098.349494] TCPLog: cong_avoid - cwnd=48
[10098.351494] TCPLog: in_ack_event - cwnd=48, recv_wnd=44, snd_wnd=739
[10098.351508] TCPLog: cong_avoid - cwnd=48
[10098.351522] TCPLog: in_ack_event - cwnd=48, recv_wnd=44, snd_wnd=741
[10098.351528] TCPLog: cong_avoid - cwnd=48
[10098.351535] TCPLog: in_ack_event - cwnd=48, recv_wnd=44, snd_wnd=743
[10098.351541] TCPLog: cong_avoid - cwnd=48
[10098.352856] TCPLog: in_ack_event - cwnd=48, recv_wnd=44, snd_wnd=745
[10098.352871] TCPLog: cong_avoid - cwnd=48
[10098.352885] TCPLog: in_ack_event - cwnd=48, recv_wnd=44, snd_wnd=747
[10098.352890] TCPLog: cong_avoid - cwnd=48
[10098.352895] TCPLog: in_ack_event - cwnd=48, recv_wnd=44, snd_wnd=749
[10098.352900] TCPLog: cong_avoid - cwnd=48
[10098.355233] TCPLog: in_ack_event - cwnd=48, recv_wnd=44, snd_wnd=751
[10098.355287] TCPLog: cong_avoid - cwnd=48
[10098.355341] TCPLog: in_ack_event - cwnd=48, recv_wnd=44, snd_wnd=753
[10098.355363] TCPLog: cong_avoid - cwnd=48
[10098.355380] TCPLog: in_ack_event - cwnd=48, recv_wnd=44, snd_wnd=755
[10098.355396] TCPLog: cong_avoid - cwnd=48
[10098.356180] TCPLog: in_ack_event - cwnd=48, recv_wnd=44, snd_wnd=757
[10098.356209] TCPLog: cong_avoid - cwnd=48
[10098.356227] TCPLog: in_ack_event - cwnd=48, recv_wnd=44, snd_wnd=759
[10098.356245] TCPLog: cong_avoid - cwnd=48
[10098.357238] TCPLog: in_ack_event - cwnd=48, recv_wnd=44, snd_wnd=761
[10098.357252] TCPLog: cong_avoid - cwnd=48
[10098.357787] TCPLog: in_ack_event - cwnd=49, recv_wnd=44, snd_wnd=763
[10098.357801] TCPLog: cong_avoid - cwnd=49
[10098.358687] TCPLog: in_ack_event - cwnd=49, recv_wnd=44, snd_wnd=765
[10098.358730] TCPLog: cong_avoid - cwnd=49
[10098.358797] TCPLog: in_ack_event - cwnd=49, recv_wnd=44, snd_wnd=767
[10098.358820] TCPLog: cong_avoid - cwnd=49
[10098.359178] TCPLog: in_ack_event - cwnd=49, recv_wnd=44, snd_wnd=769
[10098.359193] TCPLog: cong_avoid - cwnd=49
[10098.361022] TCPLog: in_ack_event - cwnd=49, recv_wnd=44, snd_wnd=771
[10098.361037] TCPLog: cong_avoid - cwnd=49
[10098.361058] TCPLog: in_ack_event - cwnd=49, recv_wnd=44, snd_wnd=773
[10098.361065] TCPLog: cong_avoid - cwnd=49
[10098.362245] TCPLog: in_ack_event - cwnd=49, recv_wnd=44, snd_wnd=775
[10098.362261] TCPLog: cong_avoid - cwnd=49
[10098.362294] TCPLog: in_ack_event - cwnd=49, recv_wnd=44, snd_wnd=777
[10098.362301] TCPLog: cong_avoid - cwnd=49
[10098.362395] TCPLog: in_ack_event - cwnd=49, recv_wnd=44, snd_wnd=779
[10098.362398] TCPLog: cong_avoid - cwnd=49
[10098.364551] TCPLog: in_ack_event - cwnd=49, recv_wnd=44, snd_wnd=781
[10098.364598] TCPLog: cong_avoid - cwnd=49
[10098.364641] TCPLog: in_ack_event - cwnd=49, recv_wnd=44, snd_wnd=783
[10098.364661] TCPLog: cong_avoid - cwnd=49
[10098.364678] TCPLog: in_ack_event - cwnd=49, recv_wnd=44, snd_wnd=785
[10098.364696] TCPLog: cong_avoid - cwnd=49
[10098.365760] TCPLog: in_ack_event - cwnd=49, recv_wnd=44, snd_wnd=787
[10098.365774] TCPLog: cong_avoid - cwnd=49
[10098.365787] TCPLog: in_ack_event - cwnd=49, recv_wnd=44, snd_wnd=789
[10098.365794] TCPLog: cong_avoid - cwnd=49
[10098.367219] TCPLog: in_ack_event - cwnd=49, recv_wnd=44, snd_wnd=791
[10098.367236] TCPLog: cong_avoid - cwnd=49
[10098.367254] TCPLog: in_ack_event - cwnd=49, recv_wnd=44, snd_wnd=793
[10098.367261] TCPLog: cong_avoid - cwnd=49
[10098.368643] TCPLog: in_ack_event - cwnd=49, recv_wnd=44, snd_wnd=795
[10098.368656] TCPLog: cong_avoid - cwnd=49
[10098.368670] TCPLog: in_ack_event - cwnd=49, recv_wnd=44, snd_wnd=797
[10098.368675] TCPLog: cong_avoid - cwnd=49
[10098.368682] TCPLog: in_ack_event - cwnd=49, recv_wnd=44, snd_wnd=799
[10098.368688] TCPLog: cong_avoid - cwnd=49
[10098.369795] TCPLog: in_ack_event - cwnd=49, recv_wnd=44, snd_wnd=801
[10098.369810] TCPLog: cong_avoid - cwnd=49
[10098.369823] TCPLog: in_ack_event - cwnd=49, recv_wnd=44, snd_wnd=803
[10098.369829] TCPLog: cong_avoid - cwnd=49
[10098.370949] TCPLog: in_ack_event - cwnd=49, recv_wnd=44, snd_wnd=805
[10098.370969] TCPLog: cong_avoid - cwnd=49
[10098.371560] TCPLog: in_ack_event - cwnd=49, recv_wnd=44, snd_wnd=807
[10098.371604] TCPLog: cong_avoid - cwnd=49
[10098.371623] TCPLog: in_ack_event - cwnd=49, recv_wnd=44, snd_wnd=809
[10098.371641] TCPLog: cong_avoid - cwnd=49
[10098.373623] TCPLog: in_ack_event - cwnd=49, recv_wnd=44, snd_wnd=812
[10098.373638] TCPLog: cong_avoid - cwnd=49
[10098.373652] TCPLog: in_ack_event - cwnd=49, recv_wnd=44, snd_wnd=813
[10098.373658] TCPLog: cong_avoid - cwnd=49
[10098.373663] TCPLog: in_ack_event - cwnd=49, recv_wnd=44, snd_wnd=816
[10098.373669] TCPLog: cong_avoid - cwnd=49
[10098.374482] TCPLog: in_ack_event - cwnd=49, recv_wnd=44, snd_wnd=818
[10098.374496] TCPLog: cong_avoid - cwnd=49
[10098.375234] TCPLog: in_ack_event - cwnd=49, recv_wnd=44, snd_wnd=820
[10098.375251] TCPLog: cong_avoid - cwnd=49
[10098.375264] TCPLog: in_ack_event - cwnd=49, recv_wnd=44, snd_wnd=822
[10098.375270] TCPLog: cong_avoid - cwnd=49
[10098.378150] TCPLog: in_ack_event - cwnd=49, recv_wnd=44, snd_wnd=824
[10098.378193] TCPLog: cong_avoid - cwnd=49
[10098.378236] TCPLog: in_ack_event - cwnd=49, recv_wnd=44, snd_wnd=826
[10098.378259] TCPLog: cong_avoid - cwnd=49
[10098.378276] TCPLog: in_ack_event - cwnd=49, recv_wnd=44, snd_wnd=828
[10098.378291] TCPLog: cong_avoid - cwnd=49
[10098.378326] TCPLog: in_ack_event - cwnd=49, recv_wnd=44, snd_wnd=830
[10098.378346] TCPLog: cong_avoid - cwnd=49
[10098.379113] TCPLog: in_ack_event - cwnd=49, recv_wnd=44, snd_wnd=832
[10098.379128] TCPLog: cong_avoid - cwnd=49
[10098.379955] TCPLog: in_ack_event - cwnd=49, recv_wnd=44, snd_wnd=834
[10098.379969] TCPLog: cong_avoid - cwnd=49
[10098.379975] TCPLog: in_ack_event - cwnd=49, recv_wnd=44, snd_wnd=836
[10098.379980] TCPLog: cong_avoid - cwnd=49
[10098.380495] TCPLog: in_ack_event - cwnd=49, recv_wnd=44, snd_wnd=838
[10098.380509] TCPLog: cong_avoid - cwnd=49
[10098.381129] TCPLog: in_ack_event - cwnd=49, recv_wnd=44, snd_wnd=840
[10098.381142] TCPLog: cong_avoid - cwnd=49
[10098.381832] TCPLog: in_ack_event - cwnd=49, recv_wnd=44, snd_wnd=842
[10098.381847] TCPLog: cong_avoid - cwnd=49
[10098.382801] TCPLog: in_ack_event - cwnd=49, recv_wnd=44, snd_wnd=844
[10098.382844] TCPLog: cong_avoid - cwnd=49
[10098.383140] TCPLog: in_ack_event - cwnd=49, recv_wnd=44, snd_wnd=846
[10098.383183] TCPLog: cong_avoid - cwnd=49
[10098.384146] TCPLog: in_ack_event - cwnd=49, recv_wnd=44, snd_wnd=848
[10098.384160] TCPLog: cong_avoid - cwnd=49
[10098.384173] TCPLog: in_ack_event - cwnd=49, recv_wnd=44, snd_wnd=850
[10098.384179] TCPLog: cong_avoid - cwnd=49
[10098.384483] TCPLog: in_ack_event - cwnd=49, recv_wnd=44, snd_wnd=852
[10098.384528] TCPLog: cong_avoid - cwnd=49
[10098.385220] TCPLog: in_ack_event - cwnd=49, recv_wnd=44, snd_wnd=854
[10098.385235] TCPLog: cong_avoid - cwnd=49
[10098.385894] TCPLog: in_ack_event - cwnd=49, recv_wnd=44, snd_wnd=856
[10098.385908] TCPLog: cong_avoid - cwnd=49
[10098.386906] TCPLog: in_ack_event - cwnd=49, recv_wnd=44, snd_wnd=858
[10098.386920] TCPLog: cong_avoid - cwnd=49
[10098.387548] TCPLog: in_ack_event - cwnd=49, recv_wnd=44, snd_wnd=860
[10098.387613] TCPLog: cong_avoid - cwnd=49
[10098.387658] TCPLog: in_ack_event - cwnd=50, recv_wnd=44, snd_wnd=862
[10098.387677] TCPLog: cong_avoid - cwnd=50
[10098.389657] TCPLog: in_ack_event - cwnd=50, recv_wnd=44, snd_wnd=864
[10098.389670] TCPLog: cong_avoid - cwnd=50
[10098.389683] TCPLog: in_ack_event - cwnd=50, recv_wnd=44, snd_wnd=866
[10098.389690] TCPLog: cong_avoid - cwnd=50
[10098.389694] TCPLog: in_ack_event - cwnd=50, recv_wnd=44, snd_wnd=868
[10098.389700] TCPLog: cong_avoid - cwnd=50
[10098.391090] TCPLog: in_ack_event - cwnd=50, recv_wnd=44, snd_wnd=870
[10098.391105] TCPLog: cong_avoid - cwnd=50
[10098.391119] TCPLog: in_ack_event - cwnd=50, recv_wnd=44, snd_wnd=872
[10098.391125] TCPLog: cong_avoid - cwnd=50
[10098.391244] TCPLog: in_ack_event - cwnd=50, recv_wnd=44, snd_wnd=874
[10098.391275] TCPLog: cong_avoid - cwnd=50
[10098.393294] TCPLog: in_ack_event - cwnd=50, recv_wnd=44, snd_wnd=876
[10098.393308] TCPLog: cong_avoid - cwnd=50
[10098.393321] TCPLog: in_ack_event - cwnd=50, recv_wnd=44, snd_wnd=878
[10098.393327] TCPLog: cong_avoid - cwnd=50
[10098.393332] TCPLog: in_ack_event - cwnd=50, recv_wnd=44, snd_wnd=880
[10098.393338] TCPLog: cong_avoid - cwnd=50
[10098.394448] TCPLog: in_ack_event - cwnd=50, recv_wnd=44, snd_wnd=882
[10098.394462] TCPLog: cong_avoid - cwnd=50
[10098.394476] TCPLog: in_ack_event - cwnd=50, recv_wnd=44, snd_wnd=884
[10098.394482] TCPLog: cong_avoid - cwnd=50
[10098.395880] TCPLog: in_ack_event - cwnd=50, recv_wnd=44, snd_wnd=886
[10098.395895] TCPLog: cong_avoid - cwnd=50
[10098.395908] TCPLog: in_ack_event - cwnd=50, recv_wnd=44, snd_wnd=888
[10098.395914] TCPLog: cong_avoid - cwnd=50
[10098.397439] TCPLog: in_ack_event - cwnd=50, recv_wnd=44, snd_wnd=890
[10098.397460] TCPLog: cong_avoid - cwnd=50
[10098.397474] TCPLog: in_ack_event - cwnd=50, recv_wnd=44, snd_wnd=892
[10098.397479] TCPLog: cong_avoid - cwnd=50
[10098.397485] TCPLog: in_ack_event - cwnd=50, recv_wnd=44, snd_wnd=894
[10098.397490] TCPLog: cong_avoid - cwnd=50
[10098.398528] TCPLog: in_ack_event - cwnd=50, recv_wnd=44, snd_wnd=896
[10098.398593] TCPLog: cong_avoid - cwnd=50
[10098.399039] TCPLog: in_ack_event - cwnd=50, recv_wnd=44, snd_wnd=898
[10098.399053] TCPLog: cong_avoid - cwnd=50
[10098.399765] TCPLog: in_ack_event - cwnd=50, recv_wnd=44, snd_wnd=900
[10098.399779] TCPLog: cong_avoid - cwnd=50
[10098.400407] TCPLog: in_ack_event - cwnd=50, recv_wnd=44, snd_wnd=902
[10098.400453] TCPLog: cong_avoid - cwnd=50
[10098.400472] TCPLog: in_ack_event - cwnd=50, recv_wnd=44, snd_wnd=904
[10098.400490] TCPLog: cong_avoid - cwnd=50
[10098.401167] TCPLog: in_ack_event - cwnd=50, recv_wnd=44, snd_wnd=906
[10098.401183] TCPLog: cong_avoid - cwnd=50
[10098.401864] TCPLog: in_ack_event - cwnd=50, recv_wnd=44, snd_wnd=908
[10098.401905] TCPLog: cong_avoid - cwnd=50
[10098.403557] TCPLog: in_ack_event - cwnd=50, recv_wnd=44, snd_wnd=910
[10098.403567] TCPLog: cong_avoid - cwnd=50
[10098.403572] TCPLog: in_ack_event - cwnd=50, recv_wnd=44, snd_wnd=912
[10098.403577] TCPLog: cong_avoid - cwnd=50
[10098.403580] TCPLog: in_ack_event - cwnd=50, recv_wnd=44, snd_wnd=915
[10098.403584] TCPLog: cong_avoid - cwnd=50
[10098.404898] TCPLog: in_ack_event - cwnd=50, recv_wnd=44, snd_wnd=916
[10098.404912] TCPLog: cong_avoid - cwnd=50
[10098.404918] TCPLog: in_ack_event - cwnd=50, recv_wnd=44, snd_wnd=919
[10098.404923] TCPLog: cong_avoid - cwnd=50
[10098.406348] TCPLog: in_ack_event - cwnd=50, recv_wnd=44, snd_wnd=920
[10098.406362] TCPLog: cong_avoid - cwnd=50
[10098.406368] TCPLog: in_ack_event - cwnd=50, recv_wnd=44, snd_wnd=923
[10098.406373] TCPLog: cong_avoid - cwnd=50
[10098.406377] TCPLog: in_ack_event - cwnd=50, recv_wnd=44, snd_wnd=925
[10098.406382] TCPLog: cong_avoid - cwnd=50
[10098.408254] TCPLog: in_ack_event - cwnd=50, recv_wnd=44, snd_wnd=927
[10098.408268] TCPLog: cong_avoid - cwnd=50
[10098.408273] TCPLog: in_ack_event - cwnd=50, recv_wnd=44, snd_wnd=929
[10098.408278] TCPLog: cong_avoid - cwnd=50
[10098.409368] TCPLog: in_ack_event - cwnd=50, recv_wnd=44, snd_wnd=931
[10098.409384] TCPLog: cong_avoid - cwnd=50
[10098.409388] TCPLog: in_ack_event - cwnd=50, recv_wnd=44, snd_wnd=933
[10098.409393] TCPLog: cong_avoid - cwnd=50
[10098.410586] TCPLog: in_ack_event - cwnd=50, recv_wnd=44, snd_wnd=935
[10098.410601] TCPLog: cong_avoid - cwnd=50
[10098.410606] TCPLog: in_ack_event - cwnd=50, recv_wnd=44, snd_wnd=937
[10098.410610] TCPLog: cong_avoid - cwnd=50
[10098.411762] TCPLog: in_ack_event - cwnd=50, recv_wnd=44, snd_wnd=939
[10098.411776] TCPLog: cong_avoid - cwnd=50
[10098.411782] TCPLog: in_ack_event - cwnd=50, recv_wnd=44, snd_wnd=941
[10098.411789] TCPLog: cong_avoid - cwnd=50
[10098.413169] TCPLog: in_ack_event - cwnd=50, recv_wnd=44, snd_wnd=943
[10098.413184] TCPLog: cong_avoid - cwnd=50
[10098.413189] TCPLog: in_ack_event - cwnd=50, recv_wnd=44, snd_wnd=945
[10098.413194] TCPLog: cong_avoid - cwnd=50
[10098.413198] TCPLog: in_ack_event - cwnd=50, recv_wnd=44, snd_wnd=947
[10098.413203] TCPLog: cong_avoid - cwnd=50
[10098.415149] TCPLog: in_ack_event - cwnd=50, recv_wnd=44, snd_wnd=949
[10098.415164] TCPLog: cong_avoid - cwnd=50
[10098.415169] TCPLog: in_ack_event - cwnd=50, recv_wnd=44, snd_wnd=951
[10098.415174] TCPLog: cong_avoid - cwnd=50
[10098.416396] TCPLog: in_ack_event - cwnd=50, recv_wnd=44, snd_wnd=953
[10098.416410] TCPLog: cong_avoid - cwnd=50
[10098.416415] TCPLog: in_ack_event - cwnd=50, recv_wnd=44, snd_wnd=955
[10098.416420] TCPLog: cong_avoid - cwnd=50
[10098.416425] TCPLog: in_ack_event - cwnd=50, recv_wnd=44, snd_wnd=957
[10098.416429] TCPLog: cong_avoid - cwnd=50
[10098.417893] TCPLog: in_ack_event - cwnd=50, recv_wnd=44, snd_wnd=959
[10098.417907] TCPLog: cong_avoid - cwnd=50
[10098.417912] TCPLog: in_ack_event - cwnd=50, recv_wnd=44, snd_wnd=961
[10098.417917] TCPLog: cong_avoid - cwnd=50
[10098.419433] TCPLog: in_ack_event - cwnd=51, recv_wnd=44, snd_wnd=963
[10098.419448] TCPLog: cong_avoid - cwnd=51
[10098.419453] TCPLog: in_ack_event - cwnd=51, recv_wnd=44, snd_wnd=965
[10098.419458] TCPLog: cong_avoid - cwnd=51
[10098.419463] TCPLog: in_ack_event - cwnd=51, recv_wnd=44, snd_wnd=967
[10098.419467] TCPLog: cong_avoid - cwnd=51
[10098.420877] TCPLog: in_ack_event - cwnd=51, recv_wnd=44, snd_wnd=969
[10098.420947] TCPLog: cong_avoid - cwnd=51
[10098.420967] TCPLog: in_ack_event - cwnd=51, recv_wnd=44, snd_wnd=971
[10098.420984] TCPLog: cong_avoid - cwnd=51
[10098.422456] TCPLog: in_ack_event - cwnd=51, recv_wnd=44, snd_wnd=973
[10098.422470] TCPLog: cong_avoid - cwnd=51
[10098.422493] TCPLog: in_ack_event - cwnd=51, recv_wnd=44, snd_wnd=975
[10098.422505] TCPLog: cong_avoid - cwnd=51
[10098.423521] TCPLog: in_ack_event - cwnd=51, recv_wnd=44, snd_wnd=977
[10098.423535] TCPLog: cong_avoid - cwnd=51
[10098.423540] TCPLog: in_ack_event - cwnd=51, recv_wnd=44, snd_wnd=979
[10098.423545] TCPLog: cong_avoid - cwnd=51
[10098.424827] TCPLog: in_ack_event - cwnd=51, recv_wnd=44, snd_wnd=981
[10098.424854] TCPLog: cong_avoid - cwnd=51
[10098.424865] TCPLog: in_ack_event - cwnd=51, recv_wnd=44, snd_wnd=983
[10098.424875] TCPLog: cong_avoid - cwnd=51
[10098.426120] TCPLog: in_ack_event - cwnd=51, recv_wnd=44, snd_wnd=985
[10098.426133] TCPLog: cong_avoid - cwnd=51
[10098.426139] TCPLog: in_ack_event - cwnd=51, recv_wnd=44, snd_wnd=987
[10098.426143] TCPLog: cong_avoid - cwnd=51
[10098.427320] TCPLog: in_ack_event - cwnd=51, recv_wnd=44, snd_wnd=989
[10098.427334] TCPLog: cong_avoid - cwnd=51
[10098.427339] TCPLog: in_ack_event - cwnd=51, recv_wnd=44, snd_wnd=991
[10098.427344] TCPLog: cong_avoid - cwnd=51
[10098.428997] TCPLog: in_ack_event - cwnd=51, recv_wnd=44, snd_wnd=993
[10098.429012] TCPLog: cong_avoid - cwnd=51
[10098.429017] TCPLog: in_ack_event - cwnd=51, recv_wnd=44, snd_wnd=995
[10098.429022] TCPLog: cong_avoid - cwnd=51
[10098.429026] TCPLog: in_ack_event - cwnd=51, recv_wnd=44, snd_wnd=997
[10098.429031] TCPLog: cong_avoid - cwnd=51
[10098.430392] TCPLog: in_ack_event - cwnd=51, recv_wnd=44, snd_wnd=999
[10098.430405] TCPLog: cong_avoid - cwnd=51
[10098.430410] TCPLog: in_ack_event - cwnd=51, recv_wnd=44, snd_wnd=1001
[10098.430415] TCPLog: cong_avoid - cwnd=51
[10098.431868] TCPLog: in_ack_event - cwnd=51, recv_wnd=44, snd_wnd=1004
[10098.431883] TCPLog: cong_avoid - cwnd=51
[10098.431889] TCPLog: in_ack_event - cwnd=51, recv_wnd=44, snd_wnd=1004
[10098.431908] TCPLog: in_ack_event - cwnd=51, recv_wnd=44, snd_wnd=1004
[10098.448716] TCPLog: in_ack_event - cwnd=51, recv_wnd=44, snd_wnd=1004
[10098.448817] TCPLog: cong_avoid - cwnd=51
[10098.451826] TCPLog: in_ack_event - cwnd=10, recv_wnd=44, snd_wnd=45
[10098.452140] TCPLog: cwnd_event - ev=CA_EVENT_TX_START, cwnd=10
[10098.468786] TCPLog: in_ack_event - cwnd=10, recv_wnd=44, snd_wnd=45
[10098.468878] TCPLog: cong_avoid - cwnd=10
[10098.470307] TCPLog: in_ack_event - cwnd=11, recv_wnd=44, snd_wnd=44
[10098.470322] TCPLog: cong_avoid - cwnd=11
[10098.470337] TCPLog: in_ack_event - cwnd=12, recv_wnd=44, snd_wnd=44
[10098.470345] TCPLog: cong_avoid - cwnd=12
[10098.471554] TCPLog: in_ack_event - cwnd=13, recv_wnd=44, snd_wnd=44
[10098.471568] TCPLog: cong_avoid - cwnd=13
[10098.471611] TCPLog: in_ack_event - cwnd=14, recv_wnd=44, snd_wnd=44
[10098.471636] TCPLog: cong_avoid - cwnd=14
[10098.472921] TCPLog: in_ack_event - cwnd=15, recv_wnd=44, snd_wnd=44
[10098.472937] TCPLog: cong_avoid - cwnd=15
[10098.472950] TCPLog: in_ack_event - cwnd=16, recv_wnd=44, snd_wnd=44
[10098.472956] TCPLog: cong_avoid - cwnd=16
[10098.474096] TCPLog: in_ack_event - cwnd=17, recv_wnd=44, snd_wnd=44
[10098.474112] TCPLog: cong_avoid - cwnd=17
[10098.474131] TCPLog: in_ack_event - cwnd=18, recv_wnd=44, snd_wnd=44
[10098.474138] TCPLog: cong_avoid - cwnd=18
[10098.474147] TCPLog: in_ack_event - cwnd=19, recv_wnd=44, snd_wnd=44
[10098.474157] TCPLog: cong_avoid - cwnd=19
[10098.486153] TCPLog: in_ack_event - cwnd=20, recv_wnd=44, snd_wnd=44
[10098.486223] TCPLog: cong_avoid - cwnd=20
[10098.486281] TCPLog: in_ack_event - cwnd=21, recv_wnd=44, snd_wnd=44
[10098.486304] TCPLog: cong_avoid - cwnd=21
[10098.487310] TCPLog: in_ack_event - cwnd=22, recv_wnd=44, snd_wnd=44
[10098.487328] TCPLog: cong_avoid - cwnd=22
[10098.487369] TCPLog: in_ack_event - cwnd=23, recv_wnd=44, snd_wnd=44
[10098.487381] TCPLog: cong_avoid - cwnd=23
[10098.488227] TCPLog: in_ack_event - cwnd=24, recv_wnd=44, snd_wnd=44
[10098.488241] TCPLog: cong_avoid - cwnd=24
[10098.488885] TCPLog: in_ack_event - cwnd=25, recv_wnd=44, snd_wnd=44
[10098.488899] TCPLog: cong_avoid - cwnd=25
[10098.490906] TCPLog: in_ack_event - cwnd=26, recv_wnd=44, snd_wnd=44
[10098.490920] TCPLog: cong_avoid - cwnd=26
[10098.490939] TCPLog: in_ack_event - cwnd=28, recv_wnd=44, snd_wnd=44
[10098.490945] TCPLog: cong_avoid - cwnd=28
[10098.493504] TCPLog: in_ack_event - cwnd=30, recv_wnd=44, snd_wnd=44
[10098.493519] TCPLog: cong_avoid - cwnd=30
[10098.493550] TCPLog: in_ack_event - cwnd=32, recv_wnd=44, snd_wnd=44
[10098.493558] TCPLog: cong_avoid - cwnd=32
[10098.494960] TCPLog: in_ack_event - cwnd=34, recv_wnd=44, snd_wnd=44
[10098.494977] TCPLog: cong_avoid - cwnd=34
[10098.495963] TCPLog: in_ack_event - cwnd=36, recv_wnd=44, snd_wnd=44
[10098.495969] TCPLog: cong_avoid - cwnd=36
[10098.497221] TCPLog: in_ack_event - cwnd=38, recv_wnd=44, snd_wnd=44
[10098.497236] TCPLog: cong_avoid - cwnd=38
[10098.504668] TCPLog: in_ack_event - cwnd=40, recv_wnd=44, snd_wnd=44
[10098.504714] TCPLog: cong_avoid - cwnd=40
[10098.505904] TCPLog: in_ack_event - cwnd=42, recv_wnd=44, snd_wnd=46
[10098.505948] TCPLog: cong_avoid - cwnd=42
[10098.506003] TCPLog: in_ack_event - cwnd=44, recv_wnd=44, snd_wnd=48
[10098.506025] TCPLog: cong_avoid - cwnd=44
[10098.506067] TCPLog: in_ack_event - cwnd=45, recv_wnd=44, snd_wnd=50
[10098.506087] TCPLog: cong_avoid - cwnd=45
[10098.507436] TCPLog: in_ack_event - cwnd=46, recv_wnd=44, snd_wnd=52
[10098.507453] TCPLog: cong_avoid - cwnd=46
[10098.507650] TCPLog: in_ack_event - cwnd=47, recv_wnd=44, snd_wnd=54
[10098.507692] TCPLog: cong_avoid - cwnd=47
[10098.508333] TCPLog: in_ack_event - cwnd=48, recv_wnd=44, snd_wnd=56
[10098.508375] TCPLog: cong_avoid - cwnd=48
[10098.508780] TCPLog: in_ack_event - cwnd=49, recv_wnd=44, snd_wnd=58
[10098.508795] TCPLog: cong_avoid - cwnd=49
[10098.510083] TCPLog: in_ack_event - cwnd=50, recv_wnd=44, snd_wnd=60
[10098.510125] TCPLog: cong_avoid - cwnd=50
[10098.510168] TCPLog: in_ack_event - cwnd=51, recv_wnd=44, snd_wnd=62
[10098.510190] TCPLog: cong_avoid - cwnd=51
[10098.511319] TCPLog: in_ack_event - cwnd=52, recv_wnd=44, snd_wnd=64
[10098.511333] TCPLog: cong_avoid - cwnd=52
[10098.511347] TCPLog: in_ack_event - cwnd=53, recv_wnd=44, snd_wnd=66
[10098.511353] TCPLog: cong_avoid - cwnd=53
[10098.512543] TCPLog: in_ack_event - cwnd=54, recv_wnd=44, snd_wnd=68
[10098.512556] TCPLog: cong_avoid - cwnd=54
[10098.512577] TCPLog: in_ack_event - cwnd=55, recv_wnd=44, snd_wnd=70
[10098.512585] TCPLog: cong_avoid - cwnd=55
[10098.513722] TCPLog: in_ack_event - cwnd=56, recv_wnd=44, snd_wnd=73
[10098.513737] TCPLog: cong_avoid - cwnd=56
[10098.513755] TCPLog: in_ack_event - cwnd=57, recv_wnd=44, snd_wnd=74
[10098.513764] TCPLog: cong_avoid - cwnd=57
[10098.513815] TCPLog: in_ack_event - cwnd=58, recv_wnd=44, snd_wnd=77
[10098.513837] TCPLog: cong_avoid - cwnd=58
[10098.515027] TCPLog: in_ack_event - cwnd=59, recv_wnd=44, snd_wnd=79
[10098.515090] TCPLog: cong_avoid - cwnd=59
[10098.515173] TCPLog: in_ack_event - cwnd=60, recv_wnd=44, snd_wnd=81
[10098.515196] TCPLog: cong_avoid - cwnd=60
[10098.516103] TCPLog: in_ack_event - cwnd=61, recv_wnd=44, snd_wnd=83
[10098.516119] TCPLog: cong_avoid - cwnd=61
[10098.517466] TCPLog: in_ack_event - cwnd=62, recv_wnd=44, snd_wnd=85
[10098.517481] TCPLog: cong_avoid - cwnd=62
[10098.517494] TCPLog: in_ack_event - cwnd=63, recv_wnd=44, snd_wnd=87
[10098.517500] TCPLog: cong_avoid - cwnd=63
[10098.517746] TCPLog: in_ack_event - cwnd=64, recv_wnd=44, snd_wnd=89
[10098.517809] TCPLog: cong_avoid - cwnd=64
[10098.518624] TCPLog: in_ack_event - cwnd=65, recv_wnd=44, snd_wnd=91
[10098.518639] TCPLog: cong_avoid - cwnd=65
[10098.519302] TCPLog: in_ack_event - cwnd=66, recv_wnd=44, snd_wnd=93
[10098.519315] TCPLog: cong_avoid - cwnd=66
[10098.520133] TCPLog: in_ack_event - cwnd=67, recv_wnd=44, snd_wnd=95
[10098.520177] TCPLog: cong_avoid - cwnd=67
[10098.520222] TCPLog: in_ack_event - cwnd=68, recv_wnd=44, snd_wnd=97
[10098.520243] TCPLog: cong_avoid - cwnd=68
[10098.520674] TCPLog: in_ack_event - cwnd=69, recv_wnd=44, snd_wnd=99
[10098.520688] TCPLog: cong_avoid - cwnd=69
[10098.522523] TCPLog: in_ack_event - cwnd=70, recv_wnd=44, snd_wnd=101
[10098.522537] TCPLog: cong_avoid - cwnd=70
[10098.522554] TCPLog: in_ack_event - cwnd=71, recv_wnd=44, snd_wnd=103
[10098.522561] TCPLog: cong_avoid - cwnd=71
[10098.522566] TCPLog: in_ack_event - cwnd=72, recv_wnd=44, snd_wnd=105
[10098.522571] TCPLog: cong_avoid - cwnd=72
[10098.523614] TCPLog: in_ack_event - cwnd=73, recv_wnd=44, snd_wnd=107
[10098.523628] TCPLog: cong_avoid - cwnd=73
[10098.524111] TCPLog: in_ack_event - cwnd=74, recv_wnd=44, snd_wnd=109
[10098.524126] TCPLog: cong_avoid - cwnd=74
[10098.524694] TCPLog: in_ack_event - cwnd=75, recv_wnd=44, snd_wnd=111
[10098.524734] TCPLog: cong_avoid - cwnd=75
[10098.525357] TCPLog: in_ack_event - cwnd=76, recv_wnd=44, snd_wnd=113
[10098.525369] TCPLog: cong_avoid - cwnd=76
[10098.525377] TCPLog: in_ack_event - cwnd=77, recv_wnd=44, snd_wnd=115
[10098.525382] TCPLog: cong_avoid - cwnd=77
[10098.527113] TCPLog: in_ack_event - cwnd=78, recv_wnd=44, snd_wnd=117
[10098.527127] TCPLog: cong_avoid - cwnd=78
[10098.527144] TCPLog: in_ack_event - cwnd=79, recv_wnd=44, snd_wnd=119
[10098.527151] TCPLog: cong_avoid - cwnd=79
[10098.528604] TCPLog: in_ack_event - cwnd=80, recv_wnd=44, snd_wnd=121
[10098.528649] TCPLog: cong_avoid - cwnd=80
[10098.528693] TCPLog: in_ack_event - cwnd=81, recv_wnd=44, snd_wnd=123
[10098.528714] TCPLog: cong_avoid - cwnd=81
[10098.528742] TCPLog: in_ack_event - cwnd=82, recv_wnd=44, snd_wnd=125
[10098.528806] TCPLog: cong_avoid - cwnd=82
[10098.529821] TCPLog: in_ack_event - cwnd=83, recv_wnd=44, snd_wnd=127
[10098.529838] TCPLog: cong_avoid - cwnd=83
[10098.530378] TCPLog: in_ack_event - cwnd=84, recv_wnd=44, snd_wnd=129
[10098.530392] TCPLog: cong_avoid - cwnd=84
[10098.530406] TCPLog: in_ack_event - cwnd=85, recv_wnd=44, snd_wnd=131
[10098.530413] TCPLog: cong_avoid - cwnd=85
[10098.532475] TCPLog: in_ack_event - cwnd=86, recv_wnd=44, snd_wnd=133
[10098.532489] TCPLog: cong_avoid - cwnd=86
[10098.532505] TCPLog: in_ack_event - cwnd=87, recv_wnd=44, snd_wnd=135
[10098.532511] TCPLog: cong_avoid - cwnd=87
[10098.532518] TCPLog: in_ack_event - cwnd=88, recv_wnd=44, snd_wnd=137
[10098.532525] TCPLog: cong_avoid - cwnd=88
[10098.533898] TCPLog: in_ack_event - cwnd=89, recv_wnd=44, snd_wnd=139
[10098.533904] TCPLog: cong_avoid - cwnd=89
[10098.533917] TCPLog: in_ack_event - cwnd=90, recv_wnd=44, snd_wnd=141
[10098.533919] TCPLog: cong_avoid - cwnd=90
[10098.534123] TCPLog: in_ack_event - cwnd=91, recv_wnd=44, snd_wnd=143
[10098.534135] TCPLog: cong_avoid - cwnd=91
[10098.535072] TCPLog: in_ack_event - cwnd=92, recv_wnd=44, snd_wnd=145
[10098.535076] TCPLog: cong_avoid - cwnd=92
[10098.535087] TCPLog: in_ack_event - cwnd=93, recv_wnd=44, snd_wnd=147
[10098.535090] TCPLog: cong_avoid - cwnd=93
[10098.537673] TCPLog: in_ack_event - cwnd=94, recv_wnd=44, snd_wnd=149
[10098.537688] TCPLog: cong_avoid - cwnd=94
[10098.537701] TCPLog: in_ack_event - cwnd=95, recv_wnd=44, snd_wnd=151
[10098.537706] TCPLog: cong_avoid - cwnd=95
[10098.537782] TCPLog: in_ack_event - cwnd=96, recv_wnd=44, snd_wnd=153
[10098.537805] TCPLog: cong_avoid - cwnd=96
[10098.537836] TCPLog: in_ack_event - cwnd=97, recv_wnd=44, snd_wnd=155
[10098.537858] TCPLog: cong_avoid - cwnd=97
[10098.538870] TCPLog: in_ack_event - cwnd=98, recv_wnd=44, snd_wnd=157
[10098.538893] TCPLog: cong_avoid - cwnd=98
[10098.539614] TCPLog: in_ack_event - cwnd=99, recv_wnd=44, snd_wnd=159
[10098.539627] TCPLog: cong_avoid - cwnd=99
[10098.539980] TCPLog: in_ack_event - cwnd=100, recv_wnd=44, snd_wnd=161
[10098.539995] TCPLog: cong_avoid - cwnd=100
[10098.540689] TCPLog: in_ack_event - cwnd=101, recv_wnd=44, snd_wnd=163
[10098.540704] TCPLog: cong_avoid - cwnd=101
[10098.541256] TCPLog: in_ack_event - cwnd=102, recv_wnd=44, snd_wnd=165
[10098.541270] TCPLog: cong_avoid - cwnd=102
[10098.541829] TCPLog: in_ack_event - cwnd=103, recv_wnd=44, snd_wnd=167
[10098.541844] TCPLog: cong_avoid - cwnd=103
[10098.542491] TCPLog: in_ack_event - cwnd=104, recv_wnd=44, snd_wnd=169
[10098.542503] TCPLog: cong_avoid - cwnd=104
[10098.542569] TCPLog: in_ack_event - cwnd=105, recv_wnd=44, snd_wnd=171
[10098.542579] TCPLog: cong_avoid - cwnd=105
[10098.543853] TCPLog: in_ack_event - cwnd=106, recv_wnd=44, snd_wnd=173
[10098.543898] TCPLog: cong_avoid - cwnd=106
[10098.543951] TCPLog: in_ack_event - cwnd=107, recv_wnd=44, snd_wnd=176
[10098.543973] TCPLog: cong_avoid - cwnd=107
[10098.544477] TCPLog: in_ack_event - cwnd=108, recv_wnd=44, snd_wnd=177
[10098.544490] TCPLog: cong_avoid - cwnd=108
[10098.545795] TCPLog: in_ack_event - cwnd=109, recv_wnd=44, snd_wnd=180
[10098.545808] TCPLog: cong_avoid - cwnd=109
[10098.546493] TCPLog: in_ack_event - cwnd=110, recv_wnd=44, snd_wnd=182
[10098.546507] TCPLog: cong_avoid - cwnd=110
[10098.546515] TCPLog: in_ack_event - cwnd=111, recv_wnd=44, snd_wnd=184
[10098.546520] TCPLog: cong_avoid - cwnd=111
[10098.548101] TCPLog: in_ack_event - cwnd=112, recv_wnd=44, snd_wnd=186
[10098.548113] TCPLog: cong_avoid - cwnd=112
[10098.548131] TCPLog: in_ack_event - cwnd=113, recv_wnd=44, snd_wnd=188
[10098.548137] TCPLog: cong_avoid - cwnd=113
[10098.549371] TCPLog: in_ack_event - cwnd=114, recv_wnd=44, snd_wnd=190
[10098.549384] TCPLog: cong_avoid - cwnd=114
[10098.549398] TCPLog: in_ack_event - cwnd=115, recv_wnd=44, snd_wnd=192
[10098.549405] TCPLog: cong_avoid - cwnd=115
[10098.550272] TCPLog: in_ack_event - cwnd=116, recv_wnd=44, snd_wnd=194
[10098.550285] TCPLog: cong_avoid - cwnd=116
[10098.550703] TCPLog: in_ack_event - cwnd=117, recv_wnd=44, snd_wnd=196
[10098.550746] TCPLog: cong_avoid - cwnd=117
[10098.550814] TCPLog: in_ack_event - cwnd=118, recv_wnd=44, snd_wnd=198
[10098.550846] TCPLog: cong_avoid - cwnd=118
[10098.552109] TCPLog: in_ack_event - cwnd=119, recv_wnd=44, snd_wnd=200
[10098.552125] TCPLog: cong_avoid - cwnd=119
[10098.552139] TCPLog: in_ack_event - cwnd=120, recv_wnd=44, snd_wnd=202
[10098.552145] TCPLog: cong_avoid - cwnd=120
[10098.553134] TCPLog: in_ack_event - cwnd=121, recv_wnd=44, snd_wnd=204
[10098.553148] TCPLog: cong_avoid - cwnd=121
[10098.553161] TCPLog: in_ack_event - cwnd=122, recv_wnd=44, snd_wnd=206
[10098.553167] TCPLog: cong_avoid - cwnd=122
[10098.554253] TCPLog: in_ack_event - cwnd=123, recv_wnd=44, snd_wnd=208
[10098.554267] TCPLog: cong_avoid - cwnd=123
[10098.554869] TCPLog: in_ack_event - cwnd=124, recv_wnd=44, snd_wnd=210
[10098.554882] TCPLog: cong_avoid - cwnd=124
[10098.555802] TCPLog: in_ack_event - cwnd=125, recv_wnd=44, snd_wnd=212
[10098.555844] TCPLog: cong_avoid - cwnd=125
[10098.555887] TCPLog: in_ack_event - cwnd=126, recv_wnd=44, snd_wnd=214
[10098.555918] TCPLog: cong_avoid - cwnd=126
[10098.556795] TCPLog: in_ack_event - cwnd=127, recv_wnd=44, snd_wnd=216
[10098.556837] TCPLog: cong_avoid - cwnd=127
[10098.557583] TCPLog: in_ack_event - cwnd=128, recv_wnd=44, snd_wnd=218
[10098.557610] TCPLog: cong_avoid - cwnd=128
[10098.557628] TCPLog: in_ack_event - cwnd=129, recv_wnd=44, snd_wnd=218
[10098.557638] TCPLog: cong_avoid - cwnd=129
[10098.558371] TCPLog: in_ack_event - cwnd=130, recv_wnd=44, snd_wnd=218
[10098.558385] TCPLog: cong_avoid - cwnd=130
[10098.559866] TCPLog: in_ack_event - cwnd=131, recv_wnd=44, snd_wnd=218
[10098.559891] TCPLog: cong_avoid - cwnd=131
[10098.561041] TCPLog: in_ack_event - cwnd=133, recv_wnd=44, snd_wnd=218
[10098.561054] TCPLog: cong_avoid - cwnd=133
[10098.562072] TCPLog: in_ack_event - cwnd=135, recv_wnd=44, snd_wnd=218
[10098.562114] TCPLog: cong_avoid - cwnd=135
[10098.562989] TCPLog: in_ack_event - cwnd=136, recv_wnd=44, snd_wnd=218
[10098.563029] TCPLog: cong_avoid - cwnd=136
[10098.563817] TCPLog: in_ack_event - cwnd=138, recv_wnd=44, snd_wnd=218
[10098.563830] TCPLog: cong_avoid - cwnd=138
[10098.564819] TCPLog: in_ack_event - cwnd=140, recv_wnd=44, snd_wnd=218
[10098.564832] TCPLog: cong_avoid - cwnd=140
[10098.566050] TCPLog: in_ack_event - cwnd=141, recv_wnd=44, snd_wnd=218
[10098.566065] TCPLog: cong_avoid - cwnd=141
[10098.566609] TCPLog: in_ack_event - cwnd=143, recv_wnd=44, snd_wnd=218
[10098.566622] TCPLog: cong_avoid - cwnd=143
[10098.568724] TCPLog: in_ack_event - cwnd=145, recv_wnd=44, snd_wnd=218
[10098.568739] TCPLog: cong_avoid - cwnd=145
[10098.568757] TCPLog: in_ack_event - cwnd=146, recv_wnd=44, snd_wnd=218
[10098.568764] TCPLog: cong_avoid - cwnd=146
[10098.570121] TCPLog: in_ack_event - cwnd=148, recv_wnd=44, snd_wnd=218
[10098.570132] TCPLog: cong_avoid - cwnd=148
[10098.571458] TCPLog: in_ack_event - cwnd=150, recv_wnd=44, snd_wnd=218
[10098.571486] TCPLog: cong_avoid - cwnd=150
[10098.572793] TCPLog: in_ack_event - cwnd=152, recv_wnd=44, snd_wnd=218
[10098.572825] TCPLog: cong_avoid - cwnd=152
[10098.573714] TCPLog: in_ack_event - cwnd=154, recv_wnd=44, snd_wnd=218
[10098.573769] TCPLog: cong_avoid - cwnd=154
[10098.574386] TCPLog: in_ack_event - cwnd=156, recv_wnd=44, snd_wnd=218
[10098.574400] TCPLog: cong_avoid - cwnd=156
[10098.575269] TCPLog: in_ack_event - cwnd=157, recv_wnd=44, snd_wnd=218
[10098.575283] TCPLog: cong_avoid - cwnd=157
[10098.576802] TCPLog: in_ack_event - cwnd=159, recv_wnd=44, snd_wnd=218
[10098.576841] TCPLog: cong_avoid - cwnd=159
[10098.577456] TCPLog: in_ack_event - cwnd=161, recv_wnd=44, snd_wnd=218
[10098.577470] TCPLog: cong_avoid - cwnd=161
[10098.579673] TCPLog: in_ack_event - cwnd=162, recv_wnd=44, snd_wnd=218
[10098.579689] TCPLog: cong_avoid - cwnd=162
[10098.579703] TCPLog: in_ack_event - cwnd=164, recv_wnd=44, snd_wnd=218
[10098.579709] TCPLog: cong_avoid - cwnd=164
[10098.582341] TCPLog: in_ack_event - cwnd=166, recv_wnd=44, snd_wnd=218
[10098.582357] TCPLog: cong_avoid - cwnd=166
[10098.582371] TCPLog: in_ack_event - cwnd=168, recv_wnd=44, snd_wnd=218
[10098.582377] TCPLog: cong_avoid - cwnd=168
[10098.583739] TCPLog: in_ack_event - cwnd=170, recv_wnd=44, snd_wnd=218
[10098.583801] TCPLog: cong_avoid - cwnd=170
[10098.585005] TCPLog: in_ack_event - cwnd=172, recv_wnd=44, snd_wnd=218
[10098.585019] TCPLog: cong_avoid - cwnd=172
[10098.585623] TCPLog: in_ack_event - cwnd=174, recv_wnd=44, snd_wnd=218
[10098.585627] TCPLog: cong_avoid - cwnd=174
[10098.588135] TCPLog: in_ack_event - cwnd=176, recv_wnd=44, snd_wnd=218
[10098.588150] TCPLog: cong_avoid - cwnd=176
[10098.589307] TCPLog: in_ack_event - cwnd=178, recv_wnd=44, snd_wnd=218
[10098.589323] TCPLog: cong_avoid - cwnd=178
[10098.589337] TCPLog: in_ack_event - cwnd=180, recv_wnd=44, snd_wnd=218
[10098.589343] TCPLog: cong_avoid - cwnd=180
[10098.591896] TCPLog: in_ack_event - cwnd=182, recv_wnd=44, snd_wnd=218
[10098.591938] TCPLog: cong_avoid - cwnd=182
[10098.593134] TCPLog: in_ack_event - cwnd=184, recv_wnd=44, snd_wnd=218
[10098.593179] TCPLog: cong_avoid - cwnd=184
[10098.593215] TCPLog: in_ack_event - cwnd=186, recv_wnd=44, snd_wnd=218
[10098.593228] TCPLog: cong_avoid - cwnd=186
[10098.594746] TCPLog: in_ack_event - cwnd=188, recv_wnd=44, snd_wnd=218
[10098.594756] TCPLog: cong_avoid - cwnd=188
[10098.595395] TCPLog: in_ack_event - cwnd=190, recv_wnd=44, snd_wnd=218
[10098.595409] TCPLog: cong_avoid - cwnd=190
[10098.597884] TCPLog: in_ack_event - cwnd=192, recv_wnd=44, snd_wnd=218
[10098.597900] TCPLog: cong_avoid - cwnd=192
[10098.599200] TCPLog: in_ack_event - cwnd=194, recv_wnd=44, snd_wnd=218
[10098.599216] TCPLog: set_state - state=TCP_CA_Disorder - cwnd=194
[10098.599220] TCPLog: cong_avoid - cwnd=194
[10098.599235] TCPLog: in_ack_event - cwnd=196, recv_wnd=44, snd_wnd=218
[10098.600352] TCPLog: in_ack_event - cwnd=196, recv_wnd=44, snd_wnd=218
[10098.600366] TCPLog: ssthresh
[10098.600370] TCPLog: set_state - state=TCP_CA_Recovery - cwnd=196
[10098.600387] TCPLog: in_ack_event - cwnd=191, recv_wnd=44, snd_wnd=218
[10098.602840] TCPLog: in_ack_event - cwnd=189, recv_wnd=44, snd_wnd=218
[10098.602913] TCPLog: in_ack_event - cwnd=185, recv_wnd=44, snd_wnd=218
[10098.604022] TCPLog: in_ack_event - cwnd=182, recv_wnd=44, snd_wnd=218
[10098.605243] TCPLog: in_ack_event - cwnd=182, recv_wnd=44, snd_wnd=218
[10098.606521] TCPLog: in_ack_event - cwnd=180, recv_wnd=44, snd_wnd=218
[10098.607888] TCPLog: in_ack_event - cwnd=175, recv_wnd=44, snd_wnd=218
[10098.609056] TCPLog: in_ack_event - cwnd=175, recv_wnd=44, snd_wnd=218
[10098.609783] TCPLog: in_ack_event - cwnd=167, recv_wnd=44, snd_wnd=218
[10098.612214] TCPLog: in_ack_event - cwnd=167, recv_wnd=44, snd_wnd=218
[10098.613370] TCPLog: in_ack_event - cwnd=163, recv_wnd=44, snd_wnd=218
[10098.613827] TCPLog: in_ack_event - cwnd=159, recv_wnd=44, snd_wnd=218
[10098.615804] TCPLog: in_ack_event - cwnd=158, recv_wnd=44, snd_wnd=218
[10098.616915] TCPLog: in_ack_event - cwnd=153, recv_wnd=44, snd_wnd=218
[10098.616943] TCPLog: in_ack_event - cwnd=152, recv_wnd=44, snd_wnd=218
[10098.619505] TCPLog: in_ack_event - cwnd=147, recv_wnd=44, snd_wnd=218
[10098.620476] TCPLog: in_ack_event - cwnd=143, recv_wnd=44, snd_wnd=218
[10098.621184] TCPLog: in_ack_event - cwnd=140, recv_wnd=44, snd_wnd=218
[10098.623514] TCPLog: in_ack_event - cwnd=138, recv_wnd=44, snd_wnd=218
[10098.624446] TCPLog: in_ack_event - cwnd=135, recv_wnd=44, snd_wnd=218
[10098.624986] TCPLog: in_ack_event - cwnd=133, recv_wnd=44, snd_wnd=218
[10098.627676] TCPLog: in_ack_event - cwnd=128, recv_wnd=44, snd_wnd=218
[10098.627774] TCPLog: in_ack_event - cwnd=125, recv_wnd=44, snd_wnd=218
[10098.630546] TCPLog: in_ack_event - cwnd=124, recv_wnd=44, snd_wnd=218
[10098.630626] TCPLog: in_ack_event - cwnd=118, recv_wnd=44, snd_wnd=218
[10098.632027] TCPLog: in_ack_event - cwnd=115, recv_wnd=44, snd_wnd=218
[10098.633402] TCPLog: in_ack_event - cwnd=112, recv_wnd=44, snd_wnd=218
[10098.635861] TCPLog: in_ack_event - cwnd=109, recv_wnd=44, snd_wnd=218
[10098.635886] TCPLog: in_ack_event - cwnd=105, recv_wnd=44, snd_wnd=218
[10098.638546] TCPLog: in_ack_event - cwnd=102, recv_wnd=44, snd_wnd=218
[10098.638622] TCPLog: in_ack_event - cwnd=98, recv_wnd=44, snd_wnd=218
[10098.639965] TCPLog: in_ack_event - cwnd=98, recv_wnd=44, snd_wnd=218
[10098.641026] TCPLog: in_ack_event - cwnd=98, recv_wnd=44, snd_wnd=218
[10098.642257] TCPLog: in_ack_event - cwnd=98, recv_wnd=44, snd_wnd=218
[10098.642937] TCPLog: in_ack_event - cwnd=98, recv_wnd=44, snd_wnd=218
[10098.645126] TCPLog: in_ack_event - cwnd=98, recv_wnd=44, snd_wnd=218
[10098.646374] TCPLog: in_ack_event - cwnd=98, recv_wnd=44, snd_wnd=218
[10098.647003] TCPLog: in_ack_event - cwnd=98, recv_wnd=44, snd_wnd=218
[10098.649500] TCPLog: in_ack_event - cwnd=98, recv_wnd=44, snd_wnd=218
[10098.649578] TCPLog: in_ack_event - cwnd=98, recv_wnd=44, snd_wnd=218
[10098.650927] TCPLog: in_ack_event - cwnd=98, recv_wnd=44, snd_wnd=218
[10098.652201] TCPLog: in_ack_event - cwnd=98, recv_wnd=44, snd_wnd=218
[10098.652965] TCPLog: in_ack_event - cwnd=98, recv_wnd=44, snd_wnd=218
[10098.654485] TCPLog: in_ack_event - cwnd=98, recv_wnd=44, snd_wnd=218
[10098.656169] TCPLog: in_ack_event - cwnd=98, recv_wnd=44, snd_wnd=218
[10098.656712] TCPLog: in_ack_event - cwnd=97, recv_wnd=44, snd_wnd=218
[10098.658986] TCPLog: in_ack_event - cwnd=97, recv_wnd=44, snd_wnd=218
[10098.659065] TCPLog: in_ack_event - cwnd=97, recv_wnd=44, snd_wnd=217
[10098.659111] TCPLog: in_ack_event - cwnd=96, recv_wnd=44, snd_wnd=221
[10098.660266] TCPLog: in_ack_event - cwnd=97, recv_wnd=44, snd_wnd=223
[10098.660293] TCPLog: in_ack_event - cwnd=98, recv_wnd=44, snd_wnd=225
[10098.661590] TCPLog: in_ack_event - cwnd=98, recv_wnd=44, snd_wnd=227
[10098.661615] TCPLog: in_ack_event - cwnd=98, recv_wnd=44, snd_wnd=229
[10098.662703] TCPLog: in_ack_event - cwnd=98, recv_wnd=44, snd_wnd=231
[10098.662728] TCPLog: in_ack_event - cwnd=98, recv_wnd=44, snd_wnd=233
[10098.662922] TCPLog: in_ack_event - cwnd=98, recv_wnd=44, snd_wnd=235
[10098.664910] TCPLog: in_ack_event - cwnd=98, recv_wnd=44, snd_wnd=237
[10098.664985] TCPLog: in_ack_event - cwnd=98, recv_wnd=44, snd_wnd=239
[10098.665890] TCPLog: in_ack_event - cwnd=98, recv_wnd=44, snd_wnd=241
[10098.665914] TCPLog: in_ack_event - cwnd=98, recv_wnd=44, snd_wnd=243
[10098.666469] TCPLog: in_ack_event - cwnd=98, recv_wnd=44, snd_wnd=245
[10098.667205] TCPLog: in_ack_event - cwnd=98, recv_wnd=44, snd_wnd=247
[10098.667905] TCPLog: in_ack_event - cwnd=98, recv_wnd=44, snd_wnd=249
[10098.668517] TCPLog: in_ack_event - cwnd=98, recv_wnd=44, snd_wnd=251
[10098.669129] TCPLog: in_ack_event - cwnd=98, recv_wnd=44, snd_wnd=253
[10098.669164] TCPLog: in_ack_event - cwnd=98, recv_wnd=44, snd_wnd=255
[10098.670651] TCPLog: in_ack_event - cwnd=98, recv_wnd=44, snd_wnd=257
[10098.670674] TCPLog: in_ack_event - cwnd=98, recv_wnd=44, snd_wnd=259
[10098.671470] TCPLog: in_ack_event - cwnd=98, recv_wnd=44, snd_wnd=261
[10098.672229] TCPLog: in_ack_event - cwnd=98, recv_wnd=44, snd_wnd=264
[10098.672674] TCPLog: in_ack_event - cwnd=98, recv_wnd=44, snd_wnd=265
[10098.673140] TCPLog: in_ack_event - cwnd=98, recv_wnd=44, snd_wnd=268
[10098.674091] TCPLog: in_ack_event - cwnd=98, recv_wnd=44, snd_wnd=270
[10098.674691] TCPLog: in_ack_event - cwnd=98, recv_wnd=44, snd_wnd=272
[10098.675230] TCPLog: in_ack_event - cwnd=98, recv_wnd=44, snd_wnd=274
[10098.675895] TCPLog: in_ack_event - cwnd=98, recv_wnd=44, snd_wnd=276
[10098.675910] TCPLog: in_ack_event - cwnd=98, recv_wnd=44, snd_wnd=278
[10098.677167] TCPLog: in_ack_event - cwnd=98, recv_wnd=44, snd_wnd=279
[10098.677885] TCPLog: in_ack_event - cwnd=98, recv_wnd=44, snd_wnd=279
[10098.678648] TCPLog: in_ack_event - cwnd=98, recv_wnd=44, snd_wnd=281
[10098.678719] TCPLog: in_ack_event - cwnd=98, recv_wnd=44, snd_wnd=281
[10098.679504] TCPLog: in_ack_event - cwnd=98, recv_wnd=44, snd_wnd=281
[10098.680299] TCPLog: in_ack_event - cwnd=98, recv_wnd=44, snd_wnd=283
[10098.681214] TCPLog: in_ack_event - cwnd=98, recv_wnd=44, snd_wnd=283
[10098.681831] TCPLog: in_ack_event - cwnd=98, recv_wnd=44, snd_wnd=284
[10098.681855] TCPLog: in_ack_event - cwnd=98, recv_wnd=44, snd_wnd=284
[10098.683696] TCPLog: in_ack_event - cwnd=98, recv_wnd=44, snd_wnd=285
[10098.683721] TCPLog: in_ack_event - cwnd=98, recv_wnd=44, snd_wnd=287
[10098.684865] TCPLog: in_ack_event - cwnd=98, recv_wnd=44, snd_wnd=288
[10098.684931] TCPLog: in_ack_event - cwnd=98, recv_wnd=44, snd_wnd=288
[10098.685038] TCPLog: in_ack_event - cwnd=98, recv_wnd=44, snd_wnd=288
[10098.685844] TCPLog: in_ack_event - cwnd=98, recv_wnd=44, snd_wnd=288
[10098.686430] TCPLog: in_ack_event - cwnd=98, recv_wnd=44, snd_wnd=290
[10098.687180] TCPLog: in_ack_event - cwnd=98, recv_wnd=44, snd_wnd=290
[10098.687893] TCPLog: in_ack_event - cwnd=98, recv_wnd=44, snd_wnd=292
[10098.688408] TCPLog: in_ack_event - cwnd=98, recv_wnd=44, snd_wnd=293
[10098.689235] TCPLog: in_ack_event - cwnd=98, recv_wnd=44, snd_wnd=293
[10098.689259] TCPLog: in_ack_event - cwnd=98, recv_wnd=44, snd_wnd=293
[10098.690241] TCPLog: in_ack_event - cwnd=98, recv_wnd=44, snd_wnd=293
[10098.690886] TCPLog: in_ack_event - cwnd=98, recv_wnd=44, snd_wnd=295
[10098.691397] TCPLog: in_ack_event - cwnd=98, recv_wnd=44, snd_wnd=295
[10098.692077] TCPLog: in_ack_event - cwnd=98, recv_wnd=44, snd_wnd=296
[10098.692725] TCPLog: in_ack_event - cwnd=98, recv_wnd=44, snd_wnd=296
[10098.693438] TCPLog: in_ack_event - cwnd=98, recv_wnd=44, snd_wnd=298
[10098.693964] TCPLog: in_ack_event - cwnd=98, recv_wnd=44, snd_wnd=298
[10098.694659] TCPLog: in_ack_event - cwnd=98, recv_wnd=44, snd_wnd=299
[10098.694682] TCPLog: in_ack_event - cwnd=98, recv_wnd=44, snd_wnd=299
[10098.696084] TCPLog: in_ack_event - cwnd=98, recv_wnd=44, snd_wnd=301
[10098.696295] TCPLog: in_ack_event - cwnd=98, recv_wnd=44, snd_wnd=301
[10098.696960] TCPLog: in_ack_event - cwnd=98, recv_wnd=44, snd_wnd=301
[10098.697743] TCPLog: in_ack_event - cwnd=98, recv_wnd=44, snd_wnd=302
[10098.697774] TCPLog: in_ack_event - cwnd=98, recv_wnd=44, snd_wnd=302
[10098.699125] TCPLog: in_ack_event - cwnd=98, recv_wnd=44, snd_wnd=302
[10098.700026] TCPLog: in_ack_event - cwnd=98, recv_wnd=44, snd_wnd=304
[10098.700041] TCPLog: in_ack_event - cwnd=98, recv_wnd=44, snd_wnd=306
[10098.700422] TCPLog: in_ack_event - cwnd=98, recv_wnd=44, snd_wnd=308
[10098.701272] TCPLog: in_ack_event - cwnd=98, recv_wnd=44, snd_wnd=309
[10098.701296] TCPLog: in_ack_event - cwnd=98, recv_wnd=44, snd_wnd=309
[10098.702632] TCPLog: in_ack_event - cwnd=98, recv_wnd=44, snd_wnd=309
[10098.703233] TCPLog: in_ack_event - cwnd=98, recv_wnd=44, snd_wnd=309
[10098.703752] TCPLog: in_ack_event - cwnd=98, recv_wnd=44, snd_wnd=309
[10098.704467] TCPLog: in_ack_event - cwnd=98, recv_wnd=44, snd_wnd=310
[10098.704493] TCPLog: in_ack_event - cwnd=98, recv_wnd=44, snd_wnd=310
[10098.705850] TCPLog: in_ack_event - cwnd=98, recv_wnd=44, snd_wnd=312
[10098.706654] TCPLog: in_ack_event - cwnd=98, recv_wnd=44, snd_wnd=312
[10098.706679] TCPLog: in_ack_event - cwnd=98, recv_wnd=44, snd_wnd=314
[10098.707943] TCPLog: in_ack_event - cwnd=98, recv_wnd=44, snd_wnd=316
[10098.708037] TCPLog: in_ack_event - cwnd=98, recv_wnd=44, snd_wnd=318
[10098.708387] TCPLog: in_ack_event - cwnd=98, recv_wnd=44, snd_wnd=320
[10098.709214] TCPLog: in_ack_event - cwnd=98, recv_wnd=44, snd_wnd=322
[10098.709779] TCPLog: in_ack_event - cwnd=98, recv_wnd=44, snd_wnd=324
[10098.710646] TCPLog: in_ack_event - cwnd=98, recv_wnd=44, snd_wnd=326
[10098.710680] TCPLog: in_ack_event - cwnd=98, recv_wnd=44, snd_wnd=328
[10098.711214] TCPLog: in_ack_event - cwnd=98, recv_wnd=44, snd_wnd=330
[10098.712102] TCPLog: in_ack_event - cwnd=98, recv_wnd=44, snd_wnd=332
[10098.712734] TCPLog: in_ack_event - cwnd=98, recv_wnd=44, snd_wnd=334
[10098.714034] TCPLog: in_ack_event - cwnd=98, recv_wnd=44, snd_wnd=336
[10098.714064] TCPLog: in_ack_event - cwnd=98, recv_wnd=44, snd_wnd=338
[10098.714176] TCPLog: in_ack_event - cwnd=98, recv_wnd=44, snd_wnd=340
[10098.716208] TCPLog: in_ack_event - cwnd=98, recv_wnd=44, snd_wnd=342
[10098.716237] TCPLog: in_ack_event - cwnd=98, recv_wnd=44, snd_wnd=344
[10098.716251] TCPLog: in_ack_event - cwnd=97, recv_wnd=44, snd_wnd=346
[10098.717415] TCPLog: in_ack_event - cwnd=97, recv_wnd=44, snd_wnd=348
[10098.717439] TCPLog: in_ack_event - cwnd=97, recv_wnd=44, snd_wnd=350
[10098.718578] TCPLog: in_ack_event - cwnd=97, recv_wnd=44, snd_wnd=352
[10098.719220] TCPLog: in_ack_event - cwnd=96, recv_wnd=44, snd_wnd=354
[10098.719737] TCPLog: in_ack_event - cwnd=96, recv_wnd=44, snd_wnd=356
[10098.720402] TCPLog: in_ack_event - cwnd=96, recv_wnd=44, snd_wnd=358
[10098.720417] TCPLog: in_ack_event - cwnd=96, recv_wnd=44, snd_wnd=360
[10098.721264] TCPLog: in_ack_event - cwnd=96, recv_wnd=44, snd_wnd=362
[10098.721935] TCPLog: in_ack_event - cwnd=96, recv_wnd=44, snd_wnd=364
[10098.723892] TCPLog: in_ack_event - cwnd=94, recv_wnd=44, snd_wnd=366
[10098.723952] TCPLog: in_ack_event - cwnd=94, recv_wnd=44, snd_wnd=368
[10098.723979] TCPLog: in_ack_event - cwnd=94, recv_wnd=44, snd_wnd=370
[10098.724020] TCPLog: in_ack_event - cwnd=94, recv_wnd=44, snd_wnd=372
[10098.726184] TCPLog: in_ack_event - cwnd=94, recv_wnd=44, snd_wnd=374
[10098.726208] TCPLog: in_ack_event - cwnd=94, recv_wnd=44, snd_wnd=376
[10098.726219] TCPLog: in_ack_event - cwnd=94, recv_wnd=44, snd_wnd=378
[10098.726948] TCPLog: in_ack_event - cwnd=94, recv_wnd=44, snd_wnd=380
[10098.727303] TCPLog: in_ack_event - cwnd=94, recv_wnd=44, snd_wnd=382
[10098.729418] TCPLog: in_ack_event - cwnd=94, recv_wnd=44, snd_wnd=384
[10098.729443] TCPLog: in_ack_event - cwnd=94, recv_wnd=44, snd_wnd=386
[10098.729454] TCPLog: in_ack_event - cwnd=94, recv_wnd=44, snd_wnd=388
[10098.730155] TCPLog: in_ack_event - cwnd=94, recv_wnd=44, snd_wnd=390
[10098.730530] TCPLog: in_ack_event - cwnd=94, recv_wnd=44, snd_wnd=392
[10098.732751] TCPLog: in_ack_event - cwnd=94, recv_wnd=44, snd_wnd=394
[10098.732781] TCPLog: in_ack_event - cwnd=94, recv_wnd=44, snd_wnd=396
[10098.732791] TCPLog: in_ack_event - cwnd=94, recv_wnd=44, snd_wnd=398
[10098.732799] TCPLog: in_ack_event - cwnd=94, recv_wnd=44, snd_wnd=400
[10098.734089] TCPLog: in_ack_event - cwnd=93, recv_wnd=44, snd_wnd=402
[10098.734165] TCPLog: in_ack_event - cwnd=93, recv_wnd=44, snd_wnd=404
[10098.736426] TCPLog: in_ack_event - cwnd=93, recv_wnd=44, snd_wnd=406
[10098.736452] TCPLog: in_ack_event - cwnd=93, recv_wnd=44, snd_wnd=408
[10098.736463] TCPLog: in_ack_event - cwnd=93, recv_wnd=44, snd_wnd=410
[10098.736475] TCPLog: in_ack_event - cwnd=93, recv_wnd=44, snd_wnd=413
[10098.737927] TCPLog: in_ack_event - cwnd=92, recv_wnd=44, snd_wnd=415
[10098.738811] TCPLog: in_ack_event - cwnd=92, recv_wnd=44, snd_wnd=417
[10098.739399] TCPLog: in_ack_event - cwnd=92, recv_wnd=44, snd_wnd=419
[10098.739413] TCPLog: in_ack_event - cwnd=92, recv_wnd=44, snd_wnd=421
[10098.741899] TCPLog: in_ack_event - cwnd=92, recv_wnd=44, snd_wnd=423
[10098.741923] TCPLog: in_ack_event - cwnd=92, recv_wnd=44, snd_wnd=425
[10098.741934] TCPLog: in_ack_event - cwnd=92, recv_wnd=44, snd_wnd=427
[10098.741942] TCPLog: in_ack_event - cwnd=92, recv_wnd=44, snd_wnd=429
[10098.744212] TCPLog: in_ack_event - cwnd=92, recv_wnd=44, snd_wnd=431
[10098.744293] TCPLog: in_ack_event - cwnd=92, recv_wnd=44, snd_wnd=433
[10098.744342] TCPLog: in_ack_event - cwnd=92, recv_wnd=44, snd_wnd=435
[10098.744401] TCPLog: in_ack_event - cwnd=92, recv_wnd=44, snd_wnd=437
[10098.745543] TCPLog: in_ack_event - cwnd=92, recv_wnd=44, snd_wnd=439
[10098.745880] TCPLog: in_ack_event - cwnd=92, recv_wnd=44, snd_wnd=441
[10098.747948] TCPLog: in_ack_event - cwnd=92, recv_wnd=44, snd_wnd=443
[10098.747972] TCPLog: in_ack_event - cwnd=92, recv_wnd=44, snd_wnd=445
[10098.747982] TCPLog: in_ack_event - cwnd=92, recv_wnd=44, snd_wnd=447
[10098.747990] TCPLog: in_ack_event - cwnd=92, recv_wnd=44, snd_wnd=449
[10098.748870] TCPLog: in_ack_event - cwnd=92, recv_wnd=44, snd_wnd=451
[10098.749541] TCPLog: in_ack_event - cwnd=92, recv_wnd=44, snd_wnd=453
[10098.749566] TCPLog: in_ack_event - cwnd=92, recv_wnd=44, snd_wnd=455
[10098.750728] TCPLog: in_ack_event - cwnd=92, recv_wnd=44, snd_wnd=457
[10098.751425] TCPLog: in_ack_event - cwnd=92, recv_wnd=44, snd_wnd=459
[10098.751455] TCPLog: in_ack_event - cwnd=92, recv_wnd=44, snd_wnd=461
[10098.752795] TCPLog: in_ack_event - cwnd=92, recv_wnd=44, snd_wnd=463
[10098.752819] TCPLog: in_ack_event - cwnd=92, recv_wnd=44, snd_wnd=465
[10098.752914] TCPLog: in_ack_event - cwnd=92, recv_wnd=44, snd_wnd=467
[10098.755024] TCPLog: in_ack_event - cwnd=92, recv_wnd=44, snd_wnd=469
[10098.755048] TCPLog: in_ack_event - cwnd=92, recv_wnd=44, snd_wnd=471
[10098.756218] TCPLog: in_ack_event - cwnd=92, recv_wnd=44, snd_wnd=473
[10098.756242] TCPLog: in_ack_event - cwnd=92, recv_wnd=44, snd_wnd=475
[10098.756253] TCPLog: in_ack_event - cwnd=92, recv_wnd=44, snd_wnd=477
[10098.757304] TCPLog: in_ack_event - cwnd=92, recv_wnd=44, snd_wnd=479
[10098.757919] TCPLog: in_ack_event - cwnd=92, recv_wnd=44, snd_wnd=481
[10098.758439] TCPLog: in_ack_event - cwnd=92, recv_wnd=44, snd_wnd=483
[10098.759138] TCPLog: in_ack_event - cwnd=92, recv_wnd=44, snd_wnd=485
[10098.759210] TCPLog: in_ack_event - cwnd=92, recv_wnd=44, snd_wnd=487
[10098.761293] TCPLog: in_ack_event - cwnd=92, recv_wnd=44, snd_wnd=489
[10098.761320] TCPLog: in_ack_event - cwnd=92, recv_wnd=44, snd_wnd=491
[10098.761330] TCPLog: in_ack_event - cwnd=92, recv_wnd=44, snd_wnd=493
[10098.762600] TCPLog: in_ack_event - cwnd=92, recv_wnd=44, snd_wnd=495
[10098.762654] TCPLog: in_ack_event - cwnd=92, recv_wnd=44, snd_wnd=497
[10098.763851] TCPLog: in_ack_event - cwnd=92, recv_wnd=44, snd_wnd=499
[10098.763874] TCPLog: in_ack_event - cwnd=92, recv_wnd=44, snd_wnd=501
[10098.765124] TCPLog: in_ack_event - cwnd=92, recv_wnd=44, snd_wnd=503
[10098.765152] TCPLog: in_ack_event - cwnd=92, recv_wnd=44, snd_wnd=505
[10098.765163] TCPLog: in_ack_event - cwnd=92, recv_wnd=44, snd_wnd=507
[10098.766591] TCPLog: in_ack_event - cwnd=92, recv_wnd=44, snd_wnd=509
[10098.766615] TCPLog: in_ack_event - cwnd=92, recv_wnd=44, snd_wnd=512
[10098.767923] TCPLog: in_ack_event - cwnd=92, recv_wnd=44, snd_wnd=513
[10098.768502] TCPLog: in_ack_event - cwnd=92, recv_wnd=44, snd_wnd=516
[10098.768526] TCPLog: in_ack_event - cwnd=92, recv_wnd=44, snd_wnd=518
[10098.769201] TCPLog: in_ack_event - cwnd=92, recv_wnd=44, snd_wnd=520
[10098.769936] TCPLog: in_ack_event - cwnd=92, recv_wnd=44, snd_wnd=522
[10098.770737] TCPLog: in_ack_event - cwnd=92, recv_wnd=44, snd_wnd=524
[10098.771466] TCPLog: in_ack_event - cwnd=92, recv_wnd=44, snd_wnd=526
[10098.771488] TCPLog: in_ack_event - cwnd=92, recv_wnd=44, snd_wnd=528
[10098.773040] TCPLog: in_ack_event - cwnd=92, recv_wnd=44, snd_wnd=530
[10098.773064] TCPLog: in_ack_event - cwnd=92, recv_wnd=44, snd_wnd=532
[10098.774233] TCPLog: in_ack_event - cwnd=92, recv_wnd=44, snd_wnd=534
[10098.774280] TCPLog: set_state - state=TCP_CA_Open - cwnd=92
[10098.774297] TCPLog: cwnd_event - ev=CA_EVENT_COMPLETE_CWR, cwnd=98
[10098.774313] TCPLog: ssthresh
[10098.774340] TCPLog: set_state - state=TCP_CA_Recovery - cwnd=98
[10098.774390] TCPLog: in_ack_event - cwnd=92, recv_wnd=44, snd_wnd=536
[10098.774440] TCPLog: in_ack_event - cwnd=91, recv_wnd=44, snd_wnd=538
[10098.775205] TCPLog: in_ack_event - cwnd=91, recv_wnd=44, snd_wnd=540
[10098.776919] TCPLog: in_ack_event - cwnd=90, recv_wnd=44, snd_wnd=542
[10098.776950] TCPLog: in_ack_event - cwnd=90, recv_wnd=44, snd_wnd=544
[10098.777950] TCPLog: in_ack_event - cwnd=89, recv_wnd=44, snd_wnd=546
[10098.777973] TCPLog: in_ack_event - cwnd=89, recv_wnd=44, snd_wnd=548
[10098.778394] TCPLog: in_ack_event - cwnd=88, recv_wnd=44, snd_wnd=550
[10098.779323] TCPLog: in_ack_event - cwnd=88, recv_wnd=44, snd_wnd=552
[10098.779859] TCPLog: in_ack_event - cwnd=87, recv_wnd=44, snd_wnd=554
[10098.780993] TCPLog: in_ack_event - cwnd=87, recv_wnd=44, snd_wnd=556
[10098.781012] TCPLog: in_ack_event - cwnd=86, recv_wnd=44, snd_wnd=558
[10098.781128] TCPLog: in_ack_event - cwnd=86, recv_wnd=44, snd_wnd=560
[10098.782081] TCPLog: in_ack_event - cwnd=85, recv_wnd=44, snd_wnd=562
[10098.782624] TCPLog: in_ack_event - cwnd=85, recv_wnd=44, snd_wnd=564
[10098.784109] TCPLog: in_ack_event - cwnd=84, recv_wnd=44, snd_wnd=566
[10098.784133] TCPLog: in_ack_event - cwnd=84, recv_wnd=44, snd_wnd=568
[10098.784141] TCPLog: in_ack_event - cwnd=83, recv_wnd=44, snd_wnd=570
[10098.784943] TCPLog: in_ack_event - cwnd=83, recv_wnd=44, snd_wnd=572
[10098.785691] TCPLog: in_ack_event - cwnd=82, recv_wnd=44, snd_wnd=574
[10098.787174] TCPLog: in_ack_event - cwnd=82, recv_wnd=44, snd_wnd=576
[10098.787191] TCPLog: in_ack_event - cwnd=81, recv_wnd=44, snd_wnd=578
[10098.787333] TCPLog: in_ack_event - cwnd=81, recv_wnd=44, snd_wnd=580
[10098.788041] TCPLog: in_ack_event - cwnd=80, recv_wnd=44, snd_wnd=582
[10098.789027] TCPLog: in_ack_event - cwnd=80, recv_wnd=44, snd_wnd=584
[10098.789632] TCPLog: in_ack_event - cwnd=79, recv_wnd=44, snd_wnd=586
[10098.790746] TCPLog: in_ack_event - cwnd=79, recv_wnd=44, snd_wnd=588
[10098.790769] TCPLog: in_ack_event - cwnd=78, recv_wnd=44, snd_wnd=590
[10098.790888] TCPLog: in_ack_event - cwnd=78, recv_wnd=44, snd_wnd=592
[10098.793315] TCPLog: in_ack_event - cwnd=77, recv_wnd=44, snd_wnd=594
[10098.793408] TCPLog: in_ack_event - cwnd=77, recv_wnd=44, snd_wnd=596
[10098.793445] TCPLog: in_ack_event - cwnd=76, recv_wnd=44, snd_wnd=598
[10098.794506] TCPLog: in_ack_event - cwnd=76, recv_wnd=44, snd_wnd=600
[10098.794525] TCPLog: in_ack_event - cwnd=75, recv_wnd=44, snd_wnd=602
[10098.795014] TCPLog: in_ack_event - cwnd=75, recv_wnd=44, snd_wnd=604
[10098.795805] TCPLog: in_ack_event - cwnd=74, recv_wnd=44, snd_wnd=606
[10098.796385] TCPLog: in_ack_event - cwnd=74, recv_wnd=44, snd_wnd=608
[10098.796944] TCPLog: in_ack_event - cwnd=73, recv_wnd=44, snd_wnd=610
[10098.797620] TCPLog: in_ack_event - cwnd=73, recv_wnd=44, snd_wnd=612
[10098.798026] TCPLog: in_ack_event - cwnd=72, recv_wnd=44, snd_wnd=615
[10098.798704] TCPLog: in_ack_event - cwnd=72, recv_wnd=44, snd_wnd=616
[10098.800602] TCPLog: in_ack_event - cwnd=71, recv_wnd=44, snd_wnd=619
[10098.800626] TCPLog: in_ack_event - cwnd=71, recv_wnd=44, snd_wnd=620
[10098.800635] TCPLog: in_ack_event - cwnd=70, recv_wnd=44, snd_wnd=623
[10098.801766] TCPLog: in_ack_event - cwnd=70, recv_wnd=44, snd_wnd=625
[10098.801817] TCPLog: in_ack_event - cwnd=69, recv_wnd=44, snd_wnd=627
[10098.802999] TCPLog: in_ack_event - cwnd=69, recv_wnd=44, snd_wnd=629
[10098.803015] TCPLog: in_ack_event - cwnd=68, recv_wnd=44, snd_wnd=631
[10098.803907] TCPLog: in_ack_event - cwnd=68, recv_wnd=44, snd_wnd=633
[10098.803924] TCPLog: in_ack_event - cwnd=67, recv_wnd=44, snd_wnd=635
[10098.804931] TCPLog: in_ack_event - cwnd=67, recv_wnd=44, snd_wnd=637
[10098.805622] TCPLog: in_ack_event - cwnd=66, recv_wnd=44, snd_wnd=639
[10098.806640] TCPLog: in_ack_event - cwnd=66, recv_wnd=44, snd_wnd=641
[10098.806655] TCPLog: in_ack_event - cwnd=65, recv_wnd=44, snd_wnd=643
[10098.806974] TCPLog: in_ack_event - cwnd=65, recv_wnd=44, snd_wnd=645
[10098.808016] TCPLog: in_ack_event - cwnd=64, recv_wnd=44, snd_wnd=647
[10098.808653] TCPLog: in_ack_event - cwnd=64, recv_wnd=44, snd_wnd=649
[10098.809227] TCPLog: in_ack_event - cwnd=63, recv_wnd=44, snd_wnd=651
[10098.809902] TCPLog: in_ack_event - cwnd=63, recv_wnd=44, snd_wnd=653
[10098.810313] TCPLog: in_ack_event - cwnd=62, recv_wnd=44, snd_wnd=655
[10098.810964] TCPLog: in_ack_event - cwnd=62, recv_wnd=44, snd_wnd=657
[10098.812906] TCPLog: in_ack_event - cwnd=61, recv_wnd=44, snd_wnd=659
[10098.812980] TCPLog: in_ack_event - cwnd=61, recv_wnd=44, snd_wnd=661
[10098.814080] TCPLog: in_ack_event - cwnd=60, recv_wnd=44, snd_wnd=663
[10098.814154] TCPLog: in_ack_event - cwnd=60, recv_wnd=44, snd_wnd=665
[10098.814181] TCPLog: in_ack_event - cwnd=59, recv_wnd=44, snd_wnd=667
[10098.815571] TCPLog: in_ack_event - cwnd=59, recv_wnd=44, snd_wnd=669
[10098.815587] TCPLog: in_ack_event - cwnd=58, recv_wnd=44, snd_wnd=671
[10098.816685] TCPLog: in_ack_event - cwnd=58, recv_wnd=44, snd_wnd=673
[10098.816701] TCPLog: in_ack_event - cwnd=57, recv_wnd=44, snd_wnd=675
[10098.817369] TCPLog: in_ack_event - cwnd=57, recv_wnd=44, snd_wnd=677
[10098.818028] TCPLog: in_ack_event - cwnd=56, recv_wnd=44, snd_wnd=679
[10098.818570] TCPLog: in_ack_event - cwnd=56, recv_wnd=44, snd_wnd=681
[10098.819177] TCPLog: in_ack_event - cwnd=55, recv_wnd=44, snd_wnd=683
[10098.820024] TCPLog: in_ack_event - cwnd=55, recv_wnd=44, snd_wnd=685
[10098.820031] TCPLog: in_ack_event - cwnd=54, recv_wnd=44, snd_wnd=687
[10098.821037] TCPLog: in_ack_event - cwnd=54, recv_wnd=44, snd_wnd=689
[10098.821805] TCPLog: in_ack_event - cwnd=53, recv_wnd=44, snd_wnd=691
[10098.822748] TCPLog: in_ack_event - cwnd=53, recv_wnd=44, snd_wnd=693
[10098.822773] TCPLog: in_ack_event - cwnd=52, recv_wnd=44, snd_wnd=695
[10098.823029] TCPLog: in_ack_event - cwnd=52, recv_wnd=44, snd_wnd=697
[10098.824274] TCPLog: in_ack_event - cwnd=51, recv_wnd=44, snd_wnd=699
[10098.824872] TCPLog: in_ack_event - cwnd=51, recv_wnd=44, snd_wnd=701
[10098.825460] TCPLog: in_ack_event - cwnd=50, recv_wnd=44, snd_wnd=703
[10098.826074] TCPLog: in_ack_event - cwnd=49, recv_wnd=44, snd_wnd=705
[10098.826149] TCPLog: in_ack_event - cwnd=49, recv_wnd=44, snd_wnd=707
[10098.827258] TCPLog: in_ack_event - cwnd=49, recv_wnd=44, snd_wnd=709
[10098.827951] TCPLog: in_ack_event - cwnd=49, recv_wnd=44, snd_wnd=711
[10098.828395] TCPLog: in_ack_event - cwnd=49, recv_wnd=44, snd_wnd=713
[10098.829132] TCPLog: in_ack_event - cwnd=49, recv_wnd=44, snd_wnd=715
[10098.830054] TCPLog: in_ack_event - cwnd=49, recv_wnd=44, snd_wnd=717
[10098.830069] TCPLog: set_state - state=TCP_CA_Open - cwnd=49
[10098.830073] TCPLog: cwnd_event - ev=CA_EVENT_COMPLETE_CWR, cwnd=49
[10098.830078] TCPLog: cong_avoid - cwnd=49
[10098.830085] TCPLog: in_ack_event - cwnd=49, recv_wnd=44, snd_wnd=719
[10098.830090] TCPLog: cong_avoid - cwnd=49
[10098.830531] TCPLog: in_ack_event - cwnd=49, recv_wnd=44, snd_wnd=722
[10098.830546] TCPLog: cong_avoid - cwnd=49
[10098.831543] TCPLog: in_ack_event - cwnd=49, recv_wnd=44, snd_wnd=723
[10098.831557] TCPLog: cong_avoid - cwnd=49
[10098.832166] TCPLog: in_ack_event - cwnd=49, recv_wnd=44, snd_wnd=726
[10098.832180] TCPLog: cong_avoid - cwnd=49
[10098.832185] TCPLog: in_ack_event - cwnd=49, recv_wnd=44, snd_wnd=728
[10098.832190] TCPLog: cong_avoid - cwnd=49
[10098.833636] TCPLog: in_ack_event - cwnd=49, recv_wnd=44, snd_wnd=730
[10098.833651] TCPLog: cong_avoid - cwnd=49
[10098.834360] TCPLog: in_ack_event - cwnd=49, recv_wnd=44, snd_wnd=732
[10098.834373] TCPLog: cong_avoid - cwnd=49
[10098.834379] TCPLog: in_ack_event - cwnd=49, recv_wnd=44, snd_wnd=734
[10098.834384] TCPLog: cong_avoid - cwnd=49
[10098.834896] TCPLog: in_ack_event - cwnd=49, recv_wnd=44, snd_wnd=736
[10098.834910] TCPLog: cong_avoid - cwnd=49
[10098.836323] TCPLog: in_ack_event - cwnd=49, recv_wnd=44, snd_wnd=738
[10098.836338] TCPLog: cong_avoid - cwnd=49
[10098.836352] TCPLog: in_ack_event - cwnd=49, recv_wnd=44, snd_wnd=740
[10098.836358] TCPLog: cong_avoid - cwnd=49
[10098.837603] TCPLog: in_ack_event - cwnd=49, recv_wnd=44, snd_wnd=742
[10098.837617] TCPLog: cong_avoid - cwnd=49
[10098.837675] TCPLog: in_ack_event - cwnd=49, recv_wnd=44, snd_wnd=744
[10098.837688] TCPLog: cong_avoid - cwnd=49
[10098.838841] TCPLog: in_ack_event - cwnd=49, recv_wnd=44, snd_wnd=746
[10098.838868] TCPLog: cong_avoid - cwnd=49
[10098.838911] TCPLog: in_ack_event - cwnd=49, recv_wnd=44, snd_wnd=748
[10098.838932] TCPLog: cong_avoid - cwnd=49
[10098.840074] TCPLog: in_ack_event - cwnd=49, recv_wnd=44, snd_wnd=750
[10098.840088] TCPLog: cong_avoid - cwnd=49
[10098.840102] TCPLog: in_ack_event - cwnd=49, recv_wnd=44, snd_wnd=752
[10098.840108] TCPLog: cong_avoid - cwnd=49
[10098.841177] TCPLog: in_ack_event - cwnd=49, recv_wnd=44, snd_wnd=754
[10098.841191] TCPLog: cong_avoid - cwnd=49
[10098.841224] TCPLog: in_ack_event - cwnd=49, recv_wnd=44, snd_wnd=756
[10098.841246] TCPLog: cong_avoid - cwnd=49
[10098.842213] TCPLog: in_ack_event - cwnd=49, recv_wnd=44, snd_wnd=758
[10098.842256] TCPLog: cong_avoid - cwnd=49
[10098.842298] TCPLog: in_ack_event - cwnd=49, recv_wnd=44, snd_wnd=760
[10098.842320] TCPLog: cong_avoid - cwnd=49
[10098.842769] TCPLog: in_ack_event - cwnd=49, recv_wnd=44, snd_wnd=762
[10098.842773] TCPLog: cong_avoid - cwnd=49
[10098.844729] TCPLog: in_ack_event - cwnd=49, recv_wnd=44, snd_wnd=764
[10098.844744] TCPLog: cong_avoid - cwnd=49
[10098.844758] TCPLog: in_ack_event - cwnd=49, recv_wnd=44, snd_wnd=766
[10098.844775] TCPLog: cong_avoid - cwnd=49
[10098.844781] TCPLog: in_ack_event - cwnd=49, recv_wnd=44, snd_wnd=768
[10098.844792] TCPLog: cong_avoid - cwnd=49
[10098.845834] TCPLog: in_ack_event - cwnd=49, recv_wnd=44, snd_wnd=770
[10098.845849] TCPLog: cong_avoid - cwnd=49
[10098.845863] TCPLog: in_ack_event - cwnd=49, recv_wnd=44, snd_wnd=772
[10098.845868] TCPLog: cong_avoid - cwnd=49
[10098.846626] TCPLog: in_ack_event - cwnd=49, recv_wnd=44, snd_wnd=774
[10098.846642] TCPLog: cong_avoid - cwnd=49
[10098.847299] TCPLog: in_ack_event - cwnd=49, recv_wnd=44, snd_wnd=776
[10098.847314] TCPLog: cong_avoid - cwnd=49
[10098.848642] TCPLog: in_ack_event - cwnd=49, recv_wnd=44, snd_wnd=778
[10098.848657] TCPLog: cong_avoid - cwnd=49
[10098.848673] TCPLog: in_ack_event - cwnd=49, recv_wnd=44, snd_wnd=780
[10098.848679] TCPLog: cong_avoid - cwnd=49
[10098.848684] TCPLog: in_ack_event - cwnd=49, recv_wnd=44, snd_wnd=782
[10098.848689] TCPLog: cong_avoid - cwnd=49
[10098.849839] TCPLog: in_ack_event - cwnd=49, recv_wnd=44, snd_wnd=784
[10098.849854] TCPLog: cong_avoid - cwnd=49
[10098.850388] TCPLog: in_ack_event - cwnd=49, recv_wnd=44, snd_wnd=786
[10098.850392] TCPLog: cong_avoid - cwnd=49
[10098.851290] TCPLog: in_ack_event - cwnd=49, recv_wnd=44, snd_wnd=788
[10098.851304] TCPLog: cong_avoid - cwnd=49
[10098.851987] TCPLog: in_ack_event - cwnd=49, recv_wnd=44, snd_wnd=790
[10098.852015] TCPLog: cong_avoid - cwnd=49
[10098.852043] TCPLog: in_ack_event - cwnd=49, recv_wnd=44, snd_wnd=792
[10098.852057] TCPLog: cong_avoid - cwnd=49
[10098.852966] TCPLog: in_ack_event - cwnd=49, recv_wnd=44, snd_wnd=794
[10098.852982] TCPLog: cong_avoid - cwnd=49
[10098.853646] TCPLog: in_ack_event - cwnd=49, recv_wnd=44, snd_wnd=796
[10098.853674] TCPLog: cong_avoid - cwnd=49
[10098.854188] TCPLog: in_ack_event - cwnd=49, recv_wnd=44, snd_wnd=798
[10098.854202] TCPLog: cong_avoid - cwnd=49
[10098.854908] TCPLog: in_ack_event - cwnd=49, recv_wnd=44, snd_wnd=800
[10098.854922] TCPLog: cong_avoid - cwnd=49
[10098.854927] TCPLog: in_ack_event - cwnd=49, recv_wnd=44, snd_wnd=802
[10098.854932] TCPLog: cong_avoid - cwnd=49
[10098.855969] TCPLog: in_ack_event - cwnd=49, recv_wnd=44, snd_wnd=804
[10098.855985] TCPLog: cong_avoid - cwnd=49
[10098.856647] TCPLog: in_ack_event - cwnd=49, recv_wnd=44, snd_wnd=806
[10098.856661] TCPLog: cong_avoid - cwnd=49
[10098.857193] TCPLog: in_ack_event - cwnd=49, recv_wnd=44, snd_wnd=808
[10098.857210] TCPLog: cong_avoid - cwnd=49
[10098.857909] TCPLog: in_ack_event - cwnd=49, recv_wnd=44, snd_wnd=810
[10098.857929] TCPLog: cong_avoid - cwnd=49
[10098.858372] TCPLog: in_ack_event - cwnd=49, recv_wnd=44, snd_wnd=812
[10098.858399] TCPLog: cong_avoid - cwnd=49
[10098.859029] TCPLog: in_ack_event - cwnd=49, recv_wnd=44, snd_wnd=814
[10098.859042] TCPLog: cong_avoid - cwnd=49
[10098.860296] TCPLog: in_ack_event - cwnd=50, recv_wnd=44, snd_wnd=816
[10098.860312] TCPLog: cong_avoid - cwnd=50
[10098.860332] TCPLog: in_ack_event - cwnd=50, recv_wnd=44, snd_wnd=818
[10098.860338] TCPLog: cong_avoid - cwnd=50
[10098.861193] TCPLog: in_ack_event - cwnd=50, recv_wnd=44, snd_wnd=820
[10098.861238] TCPLog: cong_avoid - cwnd=50
[10098.861266] TCPLog: in_ack_event - cwnd=50, recv_wnd=44, snd_wnd=822
[10098.861278] TCPLog: cong_avoid - cwnd=50
[10098.861703] TCPLog: in_ack_event - cwnd=50, recv_wnd=44, snd_wnd=825
[10098.861716] TCPLog: cong_avoid - cwnd=50
[10098.863692] TCPLog: in_ack_event - cwnd=50, recv_wnd=44, snd_wnd=827
[10098.863707] TCPLog: cong_avoid - cwnd=50
[10098.863721] TCPLog: in_ack_event - cwnd=50, recv_wnd=44, snd_wnd=829
[10098.863727] TCPLog: cong_avoid - cwnd=50
[10098.863733] TCPLog: in_ack_event - cwnd=50, recv_wnd=44, snd_wnd=831
[10098.863739] TCPLog: cong_avoid - cwnd=50
[10098.864407] TCPLog: in_ack_event - cwnd=50, recv_wnd=44, snd_wnd=833
[10098.864421] TCPLog: cong_avoid - cwnd=50
[10098.865180] TCPLog: in_ack_event - cwnd=50, recv_wnd=44, snd_wnd=835
[10098.865194] TCPLog: cong_avoid - cwnd=50
[10098.866355] TCPLog: in_ack_event - cwnd=50, recv_wnd=44, snd_wnd=837
[10098.866369] TCPLog: cong_avoid - cwnd=50
[10098.866384] TCPLog: in_ack_event - cwnd=50, recv_wnd=44, snd_wnd=839
[10098.866390] TCPLog: cong_avoid - cwnd=50
[10098.867697] TCPLog: in_ack_event - cwnd=50, recv_wnd=44, snd_wnd=841
[10098.867710] TCPLog: cong_avoid - cwnd=50
[10098.867724] TCPLog: in_ack_event - cwnd=50, recv_wnd=44, snd_wnd=843
[10098.867729] TCPLog: cong_avoid - cwnd=50
[10098.867734] TCPLog: in_ack_event - cwnd=50, recv_wnd=44, snd_wnd=845
[10098.867741] TCPLog: cong_avoid - cwnd=50
[10098.869055] TCPLog: in_ack_event - cwnd=50, recv_wnd=44, snd_wnd=847
[10098.869070] TCPLog: cong_avoid - cwnd=50
[10098.869084] TCPLog: in_ack_event - cwnd=50, recv_wnd=44, snd_wnd=849
[10098.869090] TCPLog: cong_avoid - cwnd=50
[10098.870311] TCPLog: in_ack_event - cwnd=50, recv_wnd=44, snd_wnd=851
[10098.870341] TCPLog: cong_avoid - cwnd=50
[10098.870968] TCPLog: in_ack_event - cwnd=50, recv_wnd=44, snd_wnd=853
[10098.870982] TCPLog: cong_avoid - cwnd=50
[10098.870988] TCPLog: in_ack_event - cwnd=50, recv_wnd=44, snd_wnd=855
[10098.870993] TCPLog: cong_avoid - cwnd=50
[10098.871866] TCPLog: in_ack_event - cwnd=50, recv_wnd=44, snd_wnd=857
[10098.871880] TCPLog: cong_avoid - cwnd=50
[10098.872539] TCPLog: in_ack_event - cwnd=50, recv_wnd=44, snd_wnd=859
[10098.872563] TCPLog: cong_avoid - cwnd=50
[10098.873670] TCPLog: in_ack_event - cwnd=50, recv_wnd=44, snd_wnd=861
[10098.873684] TCPLog: cong_avoid - cwnd=50
[10098.873697] TCPLog: in_ack_event - cwnd=50, recv_wnd=44, snd_wnd=863
[10098.873704] TCPLog: cong_avoid - cwnd=50
[10098.874015] TCPLog: in_ack_event - cwnd=50, recv_wnd=44, snd_wnd=865
[10098.874030] TCPLog: cong_avoid - cwnd=50
[10098.874657] TCPLog: in_ack_event - cwnd=50, recv_wnd=44, snd_wnd=867
[10098.874685] TCPLog: cong_avoid - cwnd=50
[10098.876643] TCPLog: in_ack_event - cwnd=50, recv_wnd=44, snd_wnd=869
[10098.876658] TCPLog: cong_avoid - cwnd=50
[10098.876672] TCPLog: in_ack_event - cwnd=50, recv_wnd=44, snd_wnd=871
[10098.876677] TCPLog: cong_avoid - cwnd=50
[10098.876682] TCPLog: in_ack_event - cwnd=50, recv_wnd=44, snd_wnd=873
[10098.876688] TCPLog: cong_avoid - cwnd=50
[10098.877569] TCPLog: in_ack_event - cwnd=50, recv_wnd=44, snd_wnd=875
[10098.877583] TCPLog: cong_avoid - cwnd=50
[10098.877596] TCPLog: in_ack_event - cwnd=50, recv_wnd=44, snd_wnd=877
[10098.877603] TCPLog: cong_avoid - cwnd=50
[10098.878930] TCPLog: in_ack_event - cwnd=50, recv_wnd=44, snd_wnd=879
[10098.878944] TCPLog: cong_avoid - cwnd=50
[10098.879622] TCPLog: in_ack_event - cwnd=50, recv_wnd=44, snd_wnd=881
[10098.879651] TCPLog: cong_avoid - cwnd=50
[10098.880166] TCPLog: in_ack_event - cwnd=50, recv_wnd=44, snd_wnd=883
[10098.880187] TCPLog: cong_avoid - cwnd=50
[10098.880954] TCPLog: in_ack_event - cwnd=50, recv_wnd=44, snd_wnd=885
[10098.880981] TCPLog: cong_avoid - cwnd=50
[10098.880993] TCPLog: in_ack_event - cwnd=50, recv_wnd=44, snd_wnd=887
[10098.881003] TCPLog: cong_avoid - cwnd=50
[10098.881984] TCPLog: in_ack_event - cwnd=50, recv_wnd=44, snd_wnd=889
[10098.881999] TCPLog: cong_avoid - cwnd=50
[10098.882541] TCPLog: in_ack_event - cwnd=50, recv_wnd=44, snd_wnd=891
[10098.882567] TCPLog: cong_avoid - cwnd=50
[10098.883733] TCPLog: in_ack_event - cwnd=50, recv_wnd=44, snd_wnd=893
[10098.883748] TCPLog: cong_avoid - cwnd=50
[10098.883768] TCPLog: in_ack_event - cwnd=50, recv_wnd=44, snd_wnd=895
[10098.883774] TCPLog: cong_avoid - cwnd=50
[10098.883985] TCPLog: in_ack_event - cwnd=50, recv_wnd=44, snd_wnd=897
[10098.884010] TCPLog: cong_avoid - cwnd=50
[10098.886095] TCPLog: in_ack_event - cwnd=50, recv_wnd=44, snd_wnd=899
[10098.886110] TCPLog: cong_avoid - cwnd=50
[10098.886123] TCPLog: in_ack_event - cwnd=50, recv_wnd=44, snd_wnd=901
[10098.886129] TCPLog: cong_avoid - cwnd=50
[10098.886134] TCPLog: in_ack_event - cwnd=50, recv_wnd=44, snd_wnd=903
[10098.886139] TCPLog: cong_avoid - cwnd=50
[10098.887313] TCPLog: in_ack_event - cwnd=50, recv_wnd=44, snd_wnd=905
[10098.887328] TCPLog: cong_avoid - cwnd=50
[10098.887342] TCPLog: in_ack_event - cwnd=50, recv_wnd=44, snd_wnd=907
[10098.887348] TCPLog: cong_avoid - cwnd=50
[10098.888316] TCPLog: in_ack_event - cwnd=50, recv_wnd=44, snd_wnd=909
[10098.888331] TCPLog: cong_avoid - cwnd=50
[10098.888909] TCPLog: in_ack_event - cwnd=50, recv_wnd=44, snd_wnd=911
[10098.888913] TCPLog: cong_avoid - cwnd=50
[10098.888915] TCPLog: in_ack_event - cwnd=50, recv_wnd=44, snd_wnd=913
[10098.888918] TCPLog: cong_avoid - cwnd=50
[10098.890022] TCPLog: in_ack_event - cwnd=50, recv_wnd=44, snd_wnd=915
[10098.890034] TCPLog: cong_avoid - cwnd=50
[10098.890581] TCPLog: in_ack_event - cwnd=51, recv_wnd=44, snd_wnd=917
[10098.890596] TCPLog: cong_avoid - cwnd=51
[10098.891194] TCPLog: in_ack_event - cwnd=51, recv_wnd=44, snd_wnd=919
[10098.891209] TCPLog: cong_avoid - cwnd=51
[10098.891810] TCPLog: in_ack_event - cwnd=51, recv_wnd=44, snd_wnd=921
[10098.891825] TCPLog: cong_avoid - cwnd=51
[10098.892485] TCPLog: in_ack_event - cwnd=51, recv_wnd=44, snd_wnd=923
[10098.892511] TCPLog: cong_avoid - cwnd=51
[10098.893197] TCPLog: in_ack_event - cwnd=51, recv_wnd=44, snd_wnd=925
[10098.893211] TCPLog: cong_avoid - cwnd=51
[10098.893217] TCPLog: in_ack_event - cwnd=51, recv_wnd=44, snd_wnd=927
[10098.893222] TCPLog: cong_avoid - cwnd=51
[10098.893931] TCPLog: in_ack_event - cwnd=51, recv_wnd=44, snd_wnd=930
[10098.893945] TCPLog: cong_avoid - cwnd=51
[10098.894587] TCPLog: in_ack_event - cwnd=51, recv_wnd=44, snd_wnd=932
[10098.894614] TCPLog: cong_avoid - cwnd=51
[10098.895433] TCPLog: in_ack_event - cwnd=51, recv_wnd=44, snd_wnd=934
[10098.895447] TCPLog: cong_avoid - cwnd=51
[10098.896171] TCPLog: in_ack_event - cwnd=51, recv_wnd=44, snd_wnd=936
[10098.896186] TCPLog: cong_avoid - cwnd=51
[10098.896199] TCPLog: in_ack_event - cwnd=51, recv_wnd=44, snd_wnd=938
[10098.896204] TCPLog: cong_avoid - cwnd=51
[10098.897552] TCPLog: in_ack_event - cwnd=51, recv_wnd=44, snd_wnd=940
[10098.897567] TCPLog: cong_avoid - cwnd=51
[10098.897659] TCPLog: in_ack_event - cwnd=51, recv_wnd=44, snd_wnd=942
[10098.897678] TCPLog: cong_avoid - cwnd=51
[10098.898480] TCPLog: in_ack_event - cwnd=51, recv_wnd=44, snd_wnd=944
[10098.898493] TCPLog: cong_avoid - cwnd=51
[10098.899167] TCPLog: in_ack_event - cwnd=51, recv_wnd=44, snd_wnd=946
[10098.899182] TCPLog: cong_avoid - cwnd=51
[10098.899646] TCPLog: in_ack_event - cwnd=51, recv_wnd=44, snd_wnd=948
[10098.899673] TCPLog: cong_avoid - cwnd=51
[10098.900371] TCPLog: in_ack_event - cwnd=51, recv_wnd=44, snd_wnd=950
[10098.900385] TCPLog: cong_avoid - cwnd=51
[10098.900995] TCPLog: in_ack_event - cwnd=51, recv_wnd=44, snd_wnd=952
[10098.901009] TCPLog: cong_avoid - cwnd=51
[10098.901536] TCPLog: in_ack_event - cwnd=51, recv_wnd=44, snd_wnd=954
[10098.901550] TCPLog: cong_avoid - cwnd=51
[10098.902218] TCPLog: in_ack_event - cwnd=51, recv_wnd=44, snd_wnd=956
[10098.902234] TCPLog: cong_avoid - cwnd=51
[10098.902899] TCPLog: in_ack_event - cwnd=51, recv_wnd=44, snd_wnd=958
[10098.902913] TCPLog: cong_avoid - cwnd=51
[10098.902919] TCPLog: in_ack_event - cwnd=51, recv_wnd=44, snd_wnd=960
[10098.902924] TCPLog: cong_avoid - cwnd=51
[10098.904000] TCPLog: in_ack_event - cwnd=51, recv_wnd=44, snd_wnd=962
[10098.904015] TCPLog: cong_avoid - cwnd=51
[10098.904505] TCPLog: in_ack_event - cwnd=51, recv_wnd=44, snd_wnd=964
[10098.904531] TCPLog: cong_avoid - cwnd=51
[10098.905937] TCPLog: in_ack_event - cwnd=51, recv_wnd=44, snd_wnd=966
[10098.905952] TCPLog: cong_avoid - cwnd=51
[10098.905957] TCPLog: in_ack_event - cwnd=51, recv_wnd=44, snd_wnd=968
[10098.905961] TCPLog: cong_avoid - cwnd=51
[10098.905966] TCPLog: in_ack_event - cwnd=51, recv_wnd=44, snd_wnd=970
[10098.905970] TCPLog: cong_avoid - cwnd=51
[10098.907669] TCPLog: in_ack_event - cwnd=51, recv_wnd=44, snd_wnd=972
[10098.907685] TCPLog: cong_avoid - cwnd=51
[10098.907690] TCPLog: in_ack_event - cwnd=51, recv_wnd=44, snd_wnd=974
[10098.907695] TCPLog: cong_avoid - cwnd=51
[10098.908860] TCPLog: in_ack_event - cwnd=51, recv_wnd=44, snd_wnd=976
[10098.908874] TCPLog: cong_avoid - cwnd=51
[10098.908879] TCPLog: in_ack_event - cwnd=51, recv_wnd=44, snd_wnd=978
[10098.908885] TCPLog: cong_avoid - cwnd=51
[10098.908889] TCPLog: in_ack_event - cwnd=51, recv_wnd=44, snd_wnd=980
[10098.908893] TCPLog: cong_avoid - cwnd=51
[10098.910629] TCPLog: in_ack_event - cwnd=51, recv_wnd=44, snd_wnd=982
[10098.910644] TCPLog: cong_avoid - cwnd=51
[10098.910649] TCPLog: in_ack_event - cwnd=51, recv_wnd=44, snd_wnd=984
[10098.910654] TCPLog: cong_avoid - cwnd=51
[10098.912406] TCPLog: in_ack_event - cwnd=51, recv_wnd=44, snd_wnd=986
[10098.912420] TCPLog: cong_avoid - cwnd=51
[10098.912425] TCPLog: in_ack_event - cwnd=51, recv_wnd=44, snd_wnd=988
[10098.912430] TCPLog: cong_avoid - cwnd=51
[10098.912434] TCPLog: in_ack_event - cwnd=51, recv_wnd=44, snd_wnd=990
[10098.912439] TCPLog: cong_avoid - cwnd=51
[10098.913592] TCPLog: in_ack_event - cwnd=51, recv_wnd=44, snd_wnd=992
[10098.913607] TCPLog: cong_avoid - cwnd=51
[10098.913612] TCPLog: in_ack_event - cwnd=51, recv_wnd=44, snd_wnd=994
[10098.913617] TCPLog: cong_avoid - cwnd=51
[10098.915147] TCPLog: in_ack_event - cwnd=51, recv_wnd=44, snd_wnd=996
[10098.915161] TCPLog: cong_avoid - cwnd=51
[10098.915166] TCPLog: in_ack_event - cwnd=51, recv_wnd=44, snd_wnd=998
[10098.915172] TCPLog: cong_avoid - cwnd=51
[10098.916341] TCPLog: in_ack_event - cwnd=51, recv_wnd=44, snd_wnd=1000
[10098.916370] TCPLog: cong_avoid - cwnd=51
[10098.916380] TCPLog: in_ack_event - cwnd=51, recv_wnd=44, snd_wnd=1002
[10098.916409] TCPLog: cong_avoid - cwnd=51
[10098.917679] TCPLog: in_ack_event - cwnd=51, recv_wnd=44, snd_wnd=1004
[10098.917693] TCPLog: cong_avoid - cwnd=51
[10098.917699] TCPLog: in_ack_event - cwnd=51, recv_wnd=44, snd_wnd=1006
[10098.917704] TCPLog: cong_avoid - cwnd=51
[10098.917709] TCPLog: in_ack_event - cwnd=51, recv_wnd=44, snd_wnd=1008
[10098.917714] TCPLog: cong_avoid - cwnd=51
[10098.919420] TCPLog: in_ack_event - cwnd=51, recv_wnd=44, snd_wnd=1010
[10098.919434] TCPLog: cong_avoid - cwnd=51
[10098.919439] TCPLog: in_ack_event - cwnd=51, recv_wnd=44, snd_wnd=1012
[10098.919444] TCPLog: cong_avoid - cwnd=51
[10098.920623] TCPLog: in_ack_event - cwnd=51, recv_wnd=44, snd_wnd=1014
[10098.920651] TCPLog: cong_avoid - cwnd=51
[10098.920662] TCPLog: in_ack_event - cwnd=51, recv_wnd=44, snd_wnd=1016
[10098.920672] TCPLog: cong_avoid - cwnd=51
[10098.921839] TCPLog: in_ack_event - cwnd=51, recv_wnd=44, snd_wnd=1018
[10098.921854] TCPLog: cong_avoid - cwnd=51
[10098.921859] TCPLog: in_ack_event - cwnd=52, recv_wnd=44, snd_wnd=1020
[10098.921864] TCPLog: cong_avoid - cwnd=52
[10098.923155] TCPLog: in_ack_event - cwnd=52, recv_wnd=44, snd_wnd=1022
[10098.923169] TCPLog: cong_avoid - cwnd=52
[10098.923174] TCPLog: in_ack_event - cwnd=52, recv_wnd=44, snd_wnd=1024
[10098.923179] TCPLog: cong_avoid - cwnd=52
[10098.924221] TCPLog: in_ack_event - cwnd=52, recv_wnd=44, snd_wnd=1026
[10098.924235] TCPLog: cong_avoid - cwnd=52
[10098.924240] TCPLog: in_ack_event - cwnd=52, recv_wnd=44, snd_wnd=1028
[10098.924245] TCPLog: cong_avoid - cwnd=52
[10098.925660] TCPLog: in_ack_event - cwnd=52, recv_wnd=44, snd_wnd=1030
[10098.925675] TCPLog: cong_avoid - cwnd=52
[10098.925680] TCPLog: in_ack_event - cwnd=52, recv_wnd=44, snd_wnd=1033
[10098.925685] TCPLog: cong_avoid - cwnd=52
[10098.925689] TCPLog: in_ack_event - cwnd=52, recv_wnd=44, snd_wnd=1035
[10098.925694] TCPLog: cong_avoid - cwnd=52
[10098.927404] TCPLog: in_ack_event - cwnd=52, recv_wnd=44, snd_wnd=1037
[10098.927416] TCPLog: cong_avoid - cwnd=52
[10098.927421] TCPLog: in_ack_event - cwnd=52, recv_wnd=44, snd_wnd=1039
[10098.927426] TCPLog: cong_avoid - cwnd=52
[10098.928662] TCPLog: in_ack_event - cwnd=52, recv_wnd=44, snd_wnd=1041
[10098.928681] TCPLog: cong_avoid - cwnd=52
[10098.928686] TCPLog: in_ack_event - cwnd=52, recv_wnd=44, snd_wnd=1043
[10098.928691] TCPLog: cong_avoid - cwnd=52
[10098.928697] TCPLog: in_ack_event - cwnd=52, recv_wnd=44, snd_wnd=1045
[10098.928702] TCPLog: cong_avoid - cwnd=52
[10098.930408] TCPLog: in_ack_event - cwnd=52, recv_wnd=44, snd_wnd=1047
[10098.930424] TCPLog: cong_avoid - cwnd=52
[10098.930428] TCPLog: in_ack_event - cwnd=52, recv_wnd=44, snd_wnd=1049
[10098.930433] TCPLog: cong_avoid - cwnd=52
[10098.931700] TCPLog: in_ack_event - cwnd=52, recv_wnd=44, snd_wnd=1051
[10098.931716] TCPLog: cong_avoid - cwnd=52
[10098.931721] TCPLog: in_ack_event - cwnd=52, recv_wnd=44, snd_wnd=1053
[10098.931726] TCPLog: cong_avoid - cwnd=52
[10098.931730] TCPLog: in_ack_event - cwnd=52, recv_wnd=44, snd_wnd=1055
[10098.931735] TCPLog: cong_avoid - cwnd=52
[10098.933403] TCPLog: in_ack_event - cwnd=52, recv_wnd=44, snd_wnd=1057
[10098.933420] TCPLog: cong_avoid - cwnd=52
[10098.933426] TCPLog: in_ack_event - cwnd=52, recv_wnd=44, snd_wnd=1059
[10098.933432] TCPLog: cong_avoid - cwnd=52
[10098.934586] TCPLog: in_ack_event - cwnd=52, recv_wnd=44, snd_wnd=1061
[10098.934604] TCPLog: cong_avoid - cwnd=52
[10098.934609] TCPLog: in_ack_event - cwnd=52, recv_wnd=44, snd_wnd=1063
[10098.934615] TCPLog: cong_avoid - cwnd=52
[10098.934619] TCPLog: in_ack_event - cwnd=52, recv_wnd=44, snd_wnd=1063
[10098.934645] TCPLog: in_ack_event - cwnd=52, recv_wnd=44, snd_wnd=1063
[10098.951171] TCPLog: in_ack_event - cwnd=52, recv_wnd=44, snd_wnd=1063
[10098.951219] TCPLog: cong_avoid - cwnd=52
[10098.953356] TCPLog: in_ack_event - cwnd=10, recv_wnd=44, snd_wnd=45
[10098.953571] TCPLog: cwnd_event - ev=CA_EVENT_TX_START, cwnd=10
[10098.970270] TCPLog: in_ack_event - cwnd=10, recv_wnd=44, snd_wnd=45
[10098.970343] TCPLog: cong_avoid - cwnd=10
[10098.970415] TCPLog: in_ack_event - cwnd=11, recv_wnd=44, snd_wnd=44
[10098.970449] TCPLog: cong_avoid - cwnd=11
[10098.970490] TCPLog: in_ack_event - cwnd=12, recv_wnd=44, snd_wnd=44
[10098.970512] TCPLog: cong_avoid - cwnd=12
[10098.971368] TCPLog: in_ack_event - cwnd=13, recv_wnd=44, snd_wnd=44
[10098.971411] TCPLog: cong_avoid - cwnd=13
[10098.972072] TCPLog: in_ack_event - cwnd=14, recv_wnd=44, snd_wnd=44
[10098.972090] TCPLog: cong_avoid - cwnd=14
[10098.972538] TCPLog: in_ack_event - cwnd=15, recv_wnd=44, snd_wnd=44
[10098.972553] TCPLog: cong_avoid - cwnd=15
[10098.973031] TCPLog: in_ack_event - cwnd=16, recv_wnd=44, snd_wnd=44
[10098.973045] TCPLog: cong_avoid - cwnd=16
[10098.973189] TCPLog: in_ack_event - cwnd=17, recv_wnd=44, snd_wnd=44
[10098.973232] TCPLog: cong_avoid - cwnd=17
[10098.974715] TCPLog: in_ack_event - cwnd=18, recv_wnd=44, snd_wnd=44
[10098.974735] TCPLog: cong_avoid - cwnd=18
[10098.974753] TCPLog: in_ack_event - cwnd=19, recv_wnd=44, snd_wnd=44
[10098.974761] TCPLog: cong_avoid - cwnd=19
[10098.988417] TCPLog: in_ack_event - cwnd=20, recv_wnd=44, snd_wnd=44
[10098.988436] TCPLog: cong_avoid - cwnd=20
[10098.988455] TCPLog: in_ack_event - cwnd=21, recv_wnd=44, snd_wnd=44
[10098.988462] TCPLog: cong_avoid - cwnd=21
[10098.988475] TCPLog: in_ack_event - cwnd=22, recv_wnd=44, snd_wnd=44
[10098.988483] TCPLog: set_state - state=TCP_CA_Disorder - cwnd=22
[10098.989507] TCPLog: in_ack_event - cwnd=22, recv_wnd=44, snd_wnd=44
[10098.989557] TCPLog: in_ack_event - cwnd=22, recv_wnd=44, snd_wnd=43
[10098.989576] TCPLog: cong_avoid - cwnd=22
[10098.990510] TCPLog: in_ack_event - cwnd=23, recv_wnd=44, snd_wnd=43
[10098.990528] TCPLog: cong_avoid - cwnd=23
[10098.991215] TCPLog: in_ack_event - cwnd=24, recv_wnd=44, snd_wnd=43
[10098.991228] TCPLog: cong_avoid - cwnd=24
[10098.991249] TCPLog: in_ack_event - cwnd=25, recv_wnd=44, snd_wnd=43
[10098.991256] TCPLog: set_state - state=TCP_CA_Open - cwnd=25
[10098.991261] TCPLog: cong_avoid - cwnd=25
[10098.993290] TCPLog: in_ack_event - cwnd=26, recv_wnd=44, snd_wnd=44
[10098.993307] TCPLog: cong_avoid - cwnd=26
[10098.994693] TCPLog: in_ack_event - cwnd=28, recv_wnd=44, snd_wnd=44
[10098.994707] TCPLog: cong_avoid - cwnd=28
[10098.994799] TCPLog: in_ack_event - cwnd=30, recv_wnd=44, snd_wnd=44
[10098.994816] TCPLog: cong_avoid - cwnd=30
[10098.997142] TCPLog: in_ack_event - cwnd=32, recv_wnd=44, snd_wnd=44
[10098.997158] TCPLog: cong_avoid - cwnd=32
[10098.998333] TCPLog: in_ack_event - cwnd=34, recv_wnd=44, snd_wnd=44
[10098.998339] TCPLog: cong_avoid - cwnd=34
[10098.999867] TCPLog: in_ack_event - cwnd=36, recv_wnd=44, snd_wnd=44
[10098.999917] TCPLog: cong_avoid - cwnd=36
[10099.006148] TCPLog: in_ack_event - cwnd=38, recv_wnd=44, snd_wnd=44
[10099.006168] TCPLog: cong_avoid - cwnd=38
[10099.007242] TCPLog: in_ack_event - cwnd=40, recv_wnd=44, snd_wnd=44
[10099.007258] TCPLog: cong_avoid - cwnd=40
[10099.007277] TCPLog: in_ack_event - cwnd=42, recv_wnd=44, snd_wnd=46
[10099.007284] TCPLog: cong_avoid - cwnd=42
[10099.007757] TCPLog: in_ack_event - cwnd=43, recv_wnd=44, snd_wnd=48
[10099.007776] TCPLog: cong_avoid - cwnd=43
[10099.008499] TCPLog: in_ack_event - cwnd=44, recv_wnd=44, snd_wnd=50
[10099.008514] TCPLog: cong_avoid - cwnd=44
[10099.009181] TCPLog: in_ack_event - cwnd=45, recv_wnd=44, snd_wnd=52
[10099.009194] TCPLog: cong_avoid - cwnd=45
[10099.010172] TCPLog: in_ack_event - cwnd=46, recv_wnd=44, snd_wnd=54
[10099.010186] TCPLog: cong_avoid - cwnd=46
[10099.010200] TCPLog: in_ack_event - cwnd=47, recv_wnd=44, snd_wnd=56
[10099.010207] TCPLog: cong_avoid - cwnd=47
[10099.012008] TCPLog: in_ack_event - cwnd=48, recv_wnd=44, snd_wnd=58
[10099.012023] TCPLog: cong_avoid - cwnd=48
[10099.012037] TCPLog: in_ack_event - cwnd=49, recv_wnd=44, snd_wnd=60
[10099.012042] TCPLog: cong_avoid - cwnd=49
[10099.012054] TCPLog: in_ack_event - cwnd=50, recv_wnd=44, snd_wnd=62
[10099.012059] TCPLog: cong_avoid - cwnd=50
[10099.013477] TCPLog: in_ack_event - cwnd=51, recv_wnd=44, snd_wnd=64
[10099.013516] TCPLog: cong_avoid - cwnd=51
[10099.013572] TCPLog: in_ack_event - cwnd=52, recv_wnd=44, snd_wnd=66
[10099.013596] TCPLog: cong_avoid - cwnd=52
[10099.014762] TCPLog: in_ack_event - cwnd=53, recv_wnd=44, snd_wnd=68
[10099.014783] TCPLog: cong_avoid - cwnd=53
[10099.014798] TCPLog: in_ack_event - cwnd=54, recv_wnd=44, snd_wnd=70
[10099.014805] TCPLog: cong_avoid - cwnd=54
[10099.014866] TCPLog: in_ack_event - cwnd=55, recv_wnd=44, snd_wnd=73
[10099.014878] TCPLog: cong_avoid - cwnd=55
[10099.017107] TCPLog: in_ack_event - cwnd=56, recv_wnd=44, snd_wnd=74
[10099.017121] TCPLog: cong_avoid - cwnd=56
[10099.017135] TCPLog: in_ack_event - cwnd=57, recv_wnd=44, snd_wnd=77
[10099.017140] TCPLog: cong_avoid - cwnd=57
[10099.017152] TCPLog: in_ack_event - cwnd=58, recv_wnd=44, snd_wnd=79
[10099.017159] TCPLog: cong_avoid - cwnd=58
[10099.018447] TCPLog: in_ack_event - cwnd=59, recv_wnd=44, snd_wnd=81
[10099.018461] TCPLog: cong_avoid - cwnd=59
[10099.018480] TCPLog: in_ack_event - cwnd=60, recv_wnd=44, snd_wnd=83
[10099.018488] TCPLog: cong_avoid - cwnd=60
[10099.018493] TCPLog: in_ack_event - cwnd=61, recv_wnd=44, snd_wnd=85
[10099.018499] TCPLog: cong_avoid - cwnd=61
[10099.020020] TCPLog: in_ack_event - cwnd=62, recv_wnd=44, snd_wnd=87
[10099.020034] TCPLog: cong_avoid - cwnd=62
[10099.020048] TCPLog: in_ack_event - cwnd=63, recv_wnd=44, snd_wnd=89
[10099.020054] TCPLog: cong_avoid - cwnd=63
[10099.020434] TCPLog: in_ack_event - cwnd=64, recv_wnd=44, snd_wnd=91
[10099.020448] TCPLog: cong_avoid - cwnd=64
[10099.021272] TCPLog: in_ack_event - cwnd=65, recv_wnd=44, snd_wnd=93
[10099.021311] TCPLog: cong_avoid - cwnd=65
[10099.021912] TCPLog: in_ack_event - cwnd=66, recv_wnd=44, snd_wnd=95
[10099.021925] TCPLog: cong_avoid - cwnd=66
[10099.022802] TCPLog: in_ack_event - cwnd=67, recv_wnd=44, snd_wnd=97
[10099.022847] TCPLog: cong_avoid - cwnd=67
[10099.022891] TCPLog: in_ack_event - cwnd=68, recv_wnd=44, snd_wnd=99
[10099.022923] TCPLog: cong_avoid - cwnd=68
[10099.024165] TCPLog: in_ack_event - cwnd=69, recv_wnd=44, snd_wnd=101
[10099.024182] TCPLog: cong_avoid - cwnd=69
[10099.024196] TCPLog: in_ack_event - cwnd=70, recv_wnd=44, snd_wnd=103
[10099.024202] TCPLog: cong_avoid - cwnd=70
[10099.024750] TCPLog: in_ack_event - cwnd=71, recv_wnd=44, snd_wnd=105
[10099.024764] TCPLog: cong_avoid - cwnd=71
[10099.025792] TCPLog: in_ack_event - cwnd=72, recv_wnd=44, snd_wnd=107
[10099.025806] TCPLog: cong_avoid - cwnd=72
[10099.026367] TCPLog: in_ack_event - cwnd=73, recv_wnd=44, snd_wnd=109
[10099.026381] TCPLog: cong_avoid - cwnd=73
[10099.027141] TCPLog: in_ack_event - cwnd=74, recv_wnd=44, snd_wnd=111
[10099.027154] TCPLog: cong_avoid - cwnd=74
[10099.027168] TCPLog: in_ack_event - cwnd=75, recv_wnd=44, snd_wnd=113
[10099.027174] TCPLog: cong_avoid - cwnd=75
[10099.028362] TCPLog: in_ack_event - cwnd=76, recv_wnd=44, snd_wnd=115
[10099.028377] TCPLog: cong_avoid - cwnd=76
[10099.028994] TCPLog: in_ack_event - cwnd=77, recv_wnd=44, snd_wnd=117
[10099.029008] TCPLog: cong_avoid - cwnd=77
[10099.030673] TCPLog: in_ack_event - cwnd=78, recv_wnd=44, snd_wnd=119
[10099.030687] TCPLog: cong_avoid - cwnd=78
[10099.030701] TCPLog: in_ack_event - cwnd=79, recv_wnd=44, snd_wnd=121
[10099.030708] TCPLog: cong_avoid - cwnd=79
[10099.030717] TCPLog: in_ack_event - cwnd=80, recv_wnd=44, snd_wnd=123
[10099.030722] TCPLog: cong_avoid - cwnd=80
[10099.031589] TCPLog: in_ack_event - cwnd=81, recv_wnd=44, snd_wnd=125
[10099.031603] TCPLog: cong_avoid - cwnd=81
[10099.031617] TCPLog: in_ack_event - cwnd=82, recv_wnd=44, snd_wnd=127
[10099.031624] TCPLog: cong_avoid - cwnd=82
[10099.032652] TCPLog: in_ack_event - cwnd=83, recv_wnd=44, snd_wnd=129
[10099.032692] TCPLog: cong_avoid - cwnd=83
[10099.033327] TCPLog: in_ack_event - cwnd=84, recv_wnd=44, snd_wnd=131
[10099.033340] TCPLog: cong_avoid - cwnd=84
[10099.034082] TCPLog: in_ack_event - cwnd=85, recv_wnd=44, snd_wnd=133
[10099.034097] TCPLog: cong_avoid - cwnd=85
[10099.034111] TCPLog: in_ack_event - cwnd=86, recv_wnd=44, snd_wnd=135
[10099.034117] TCPLog: cong_avoid - cwnd=86
[10099.034667] TCPLog: in_ack_event - cwnd=87, recv_wnd=44, snd_wnd=137
[10099.034681] TCPLog: cong_avoid - cwnd=87
[10099.035509] TCPLog: in_ack_event - cwnd=88, recv_wnd=44, snd_wnd=139
[10099.035522] TCPLog: cong_avoid - cwnd=88
[10099.036128] TCPLog: in_ack_event - cwnd=89, recv_wnd=44, snd_wnd=141
[10099.036142] TCPLog: cong_avoid - cwnd=89
[10099.037256] TCPLog: in_ack_event - cwnd=90, recv_wnd=44, snd_wnd=143
[10099.037271] TCPLog: cong_avoid - cwnd=90
[10099.037285] TCPLog: in_ack_event - cwnd=91, recv_wnd=44, snd_wnd=145
[10099.037292] TCPLog: cong_avoid - cwnd=91
[10099.037846] TCPLog: in_ack_event - cwnd=92, recv_wnd=44, snd_wnd=147
[10099.037894] TCPLog: cong_avoid - cwnd=92
[10099.038686] TCPLog: in_ack_event - cwnd=93, recv_wnd=44, snd_wnd=149
[10099.038699] TCPLog: cong_avoid - cwnd=93
[10099.039454] TCPLog: in_ack_event - cwnd=94, recv_wnd=44, snd_wnd=151
[10099.039469] TCPLog: cong_avoid - cwnd=94
[10099.039760] TCPLog: in_ack_event - cwnd=95, recv_wnd=44, snd_wnd=153
[10099.039819] TCPLog: cong_avoid - cwnd=95
[10099.040836] TCPLog: in_ack_event - cwnd=96, recv_wnd=44, snd_wnd=155
[10099.040850] TCPLog: cong_avoid - cwnd=96
[10099.040864] TCPLog: in_ack_event - cwnd=97, recv_wnd=44, snd_wnd=157
[10099.040870] TCPLog: cong_avoid - cwnd=97
[10099.042027] TCPLog: in_ack_event - cwnd=98, recv_wnd=44, snd_wnd=159
[10099.042042] TCPLog: cong_avoid - cwnd=98
[10099.042661] TCPLog: in_ack_event - cwnd=99, recv_wnd=44, snd_wnd=161
[10099.042675] TCPLog: cong_avoid - cwnd=99
[10099.042683] TCPLog: in_ack_event - cwnd=100, recv_wnd=44, snd_wnd=163
[10099.042688] TCPLog: cong_avoid - cwnd=100
[10099.044144] TCPLog: in_ack_event - cwnd=101, recv_wnd=44, snd_wnd=165
[10099.044159] TCPLog: cong_avoid - cwnd=101
[10099.044174] TCPLog: in_ack_event - cwnd=102, recv_wnd=44, snd_wnd=167
[10099.044179] TCPLog: cong_avoid - cwnd=102
[10099.045671] TCPLog: in_ack_event - cwnd=103, recv_wnd=44, snd_wnd=169
[10099.045680] TCPLog: cong_avoid - cwnd=103
[10099.045691] TCPLog: in_ack_event - cwnd=104, recv_wnd=44, snd_wnd=171
[10099.045694] TCPLog: cong_avoid - cwnd=104
[10099.045704] TCPLog: in_ack_event - cwnd=105, recv_wnd=44, snd_wnd=173
[10099.045706] TCPLog: cong_avoid - cwnd=105
[10099.046993] TCPLog: in_ack_event - cwnd=106, recv_wnd=44, snd_wnd=176
[10099.047009] TCPLog: cong_avoid - cwnd=106
[10099.047025] TCPLog: in_ack_event - cwnd=107, recv_wnd=44, snd_wnd=177
[10099.047031] TCPLog: cong_avoid - cwnd=107
[10099.048057] TCPLog: in_ack_event - cwnd=108, recv_wnd=44, snd_wnd=180
[10099.048062] TCPLog: cong_avoid - cwnd=108
[10099.048079] TCPLog: in_ack_event - cwnd=109, recv_wnd=44, snd_wnd=182
[10099.048081] TCPLog: cong_avoid - cwnd=109
[10099.048739] TCPLog: in_ack_event - cwnd=110, recv_wnd=44, snd_wnd=184
[10099.048743] TCPLog: cong_avoid - cwnd=110
[10099.050407] TCPLog: in_ack_event - cwnd=111, recv_wnd=44, snd_wnd=186
[10099.050422] TCPLog: cong_avoid - cwnd=111
[10099.050436] TCPLog: in_ack_event - cwnd=112, recv_wnd=44, snd_wnd=188
[10099.050442] TCPLog: cong_avoid - cwnd=112
[10099.051507] TCPLog: in_ack_event - cwnd=113, recv_wnd=44, snd_wnd=190
[10099.051512] TCPLog: cong_avoid - cwnd=113
[10099.051524] TCPLog: in_ack_event - cwnd=114, recv_wnd=44, snd_wnd=192
[10099.051527] TCPLog: cong_avoid - cwnd=114
[10099.052104] TCPLog: in_ack_event - cwnd=115, recv_wnd=44, snd_wnd=194
[10099.052117] TCPLog: cong_avoid - cwnd=115
[10099.052783] TCPLog: in_ack_event - cwnd=116, recv_wnd=44, snd_wnd=196
[10099.052786] TCPLog: cong_avoid - cwnd=116
[10099.053488] TCPLog: in_ack_event - cwnd=117, recv_wnd=44, snd_wnd=198
[10099.053502] TCPLog: cong_avoid - cwnd=117
[10099.054073] TCPLog: in_ack_event - cwnd=118, recv_wnd=44, snd_wnd=200
[10099.054088] TCPLog: cong_avoid - cwnd=118
[10099.054868] TCPLog: in_ack_event - cwnd=119, recv_wnd=44, snd_wnd=202
[10099.054872] TCPLog: cong_avoid - cwnd=119
[10099.055321] TCPLog: in_ack_event - cwnd=120, recv_wnd=44, snd_wnd=204
[10099.055357] TCPLog: cong_avoid - cwnd=120
[10099.055980] TCPLog: in_ack_event - cwnd=121, recv_wnd=44, snd_wnd=206
[10099.055993] TCPLog: cong_avoid - cwnd=121
[10099.056707] TCPLog: in_ack_event - cwnd=122, recv_wnd=44, snd_wnd=208
[10099.056756] TCPLog: cong_avoid - cwnd=122
[10099.056827] TCPLog: in_ack_event - cwnd=123, recv_wnd=44, snd_wnd=210
[10099.056863] TCPLog: cong_avoid - cwnd=123
[10099.057798] TCPLog: in_ack_event - cwnd=124, recv_wnd=44, snd_wnd=212
[10099.057843] TCPLog: cong_avoid - cwnd=124
[10099.058522] TCPLog: in_ack_event - cwnd=125, recv_wnd=44, snd_wnd=214
[10099.058536] TCPLog: cong_avoid - cwnd=125
[10099.059330] TCPLog: in_ack_event - cwnd=126, recv_wnd=44, snd_wnd=216
[10099.059370] TCPLog: cong_avoid - cwnd=126
[10099.059414] TCPLog: in_ack_event - cwnd=127, recv_wnd=44, snd_wnd=218
[10099.059445] TCPLog: cong_avoid - cwnd=127
[10099.059470] TCPLog: in_ack_event - cwnd=128, recv_wnd=44, snd_wnd=220
[10099.059502] TCPLog: cong_avoid - cwnd=128
[10099.060802] TCPLog: in_ack_event - cwnd=129, recv_wnd=44, snd_wnd=221
[10099.060821] TCPLog: cong_avoid - cwnd=129
[10099.060838] TCPLog: in_ack_event - cwnd=130, recv_wnd=44, snd_wnd=221
[10099.060844] TCPLog: cong_avoid - cwnd=130
[10099.062377] TCPLog: in_ack_event - cwnd=131, recv_wnd=44, snd_wnd=221
[10099.062392] TCPLog: cong_avoid - cwnd=131
[10099.063531] TCPLog: in_ack_event - cwnd=133, recv_wnd=44, snd_wnd=221
[10099.063545] TCPLog: cong_avoid - cwnd=133
[10099.064474] TCPLog: in_ack_event - cwnd=135, recv_wnd=44, snd_wnd=221
[10099.064488] TCPLog: cong_avoid - cwnd=135
[10099.066555] TCPLog: in_ack_event - cwnd=136, recv_wnd=44, snd_wnd=221
[10099.066569] TCPLog: cong_avoid - cwnd=136
[10099.066584] TCPLog: in_ack_event - cwnd=138, recv_wnd=44, snd_wnd=221
[10099.066590] TCPLog: cong_avoid - cwnd=138
[10099.068135] TCPLog: in_ack_event - cwnd=140, recv_wnd=44, snd_wnd=221
[10099.068178] TCPLog: cong_avoid - cwnd=140
[10099.069139] TCPLog: in_ack_event - cwnd=142, recv_wnd=44, snd_wnd=221
[10099.069153] TCPLog: cong_avoid - cwnd=142
[10099.070972] TCPLog: in_ack_event - cwnd=144, recv_wnd=44, snd_wnd=221
[10099.070987] TCPLog: cong_avoid - cwnd=144
[10099.072263] TCPLog: in_ack_event - cwnd=145, recv_wnd=44, snd_wnd=221
[10099.072279] TCPLog: cong_avoid - cwnd=145
[10099.072293] TCPLog: in_ack_event - cwnd=147, recv_wnd=44, snd_wnd=221
[10099.072298] TCPLog: cong_avoid - cwnd=147
[10099.073930] TCPLog: in_ack_event - cwnd=149, recv_wnd=44, snd_wnd=221
[10099.073946] TCPLog: cong_avoid - cwnd=149
[10099.075094] TCPLog: in_ack_event - cwnd=150, recv_wnd=44, snd_wnd=221
[10099.075109] TCPLog: cong_avoid - cwnd=150
[10099.075125] TCPLog: in_ack_event - cwnd=152, recv_wnd=44, snd_wnd=221
[10099.075131] TCPLog: cong_avoid - cwnd=152
[10099.076138] TCPLog: in_ack_event - cwnd=153, recv_wnd=44, snd_wnd=221
[10099.076153] TCPLog: cong_avoid - cwnd=153
[10099.077534] TCPLog: in_ack_event - cwnd=155, recv_wnd=44, snd_wnd=221
[10099.077577] TCPLog: cong_avoid - cwnd=155
[10099.078115] TCPLog: in_ack_event - cwnd=157, recv_wnd=44, snd_wnd=221
[10099.078119] TCPLog: cong_avoid - cwnd=157
[10099.079082] TCPLog: in_ack_event - cwnd=158, recv_wnd=44, snd_wnd=221
[10099.079096] TCPLog: cong_avoid - cwnd=158
[10099.080596] TCPLog: in_ack_event - cwnd=160, recv_wnd=44, snd_wnd=221
[10099.080640] TCPLog: cong_avoid - cwnd=160
[10099.082058] TCPLog: in_ack_event - cwnd=162, recv_wnd=44, snd_wnd=221
[10099.082123] TCPLog: cong_avoid - cwnd=162
[10099.082639] TCPLog: in_ack_event - cwnd=164, recv_wnd=44, snd_wnd=221
[10099.082655] TCPLog: cong_avoid - cwnd=164
[10099.085283] TCPLog: in_ack_event - cwnd=166, recv_wnd=44, snd_wnd=221
[10099.085328] TCPLog: cong_avoid - cwnd=166
[10099.085372] TCPLog: in_ack_event - cwnd=168, recv_wnd=44, snd_wnd=221
[10099.085393] TCPLog: cong_avoid - cwnd=168
[10099.087018] TCPLog: in_ack_event - cwnd=170, recv_wnd=44, snd_wnd=221
[10099.087036] TCPLog: cong_avoid - cwnd=170
[10099.088555] TCPLog: in_ack_event - cwnd=172, recv_wnd=44, snd_wnd=221
[10099.088600] TCPLog: cong_avoid - cwnd=172
[10099.088643] TCPLog: in_ack_event - cwnd=174, recv_wnd=44, snd_wnd=221
[10099.088698] TCPLog: cong_avoid - cwnd=174
[10099.089750] TCPLog: in_ack_event - cwnd=175, recv_wnd=44, snd_wnd=221
[10099.089834] TCPLog: cong_avoid - cwnd=175
[10099.091046] TCPLog: in_ack_event - cwnd=177, recv_wnd=44, snd_wnd=221
[10099.091093] TCPLog: cong_avoid - cwnd=177
[10099.091695] TCPLog: in_ack_event - cwnd=179, recv_wnd=44, snd_wnd=221
[10099.091743] TCPLog: cong_avoid - cwnd=179
[10099.092619] TCPLog: in_ack_event - cwnd=180, recv_wnd=44, snd_wnd=221
[10099.092633] TCPLog: cong_avoid - cwnd=180
[10099.093693] TCPLog: in_ack_event - cwnd=182, recv_wnd=44, snd_wnd=221
[10099.093707] TCPLog: cong_avoid - cwnd=182
[10099.094746] TCPLog: in_ack_event - cwnd=184, recv_wnd=44, snd_wnd=221
[10099.094806] TCPLog: cong_avoid - cwnd=184
[10099.097539] TCPLog: in_ack_event - cwnd=186, recv_wnd=44, snd_wnd=221
[10099.097554] TCPLog: cong_avoid - cwnd=186
[10099.097568] TCPLog: in_ack_event - cwnd=188, recv_wnd=44, snd_wnd=221
[10099.097574] TCPLog: cong_avoid - cwnd=188
[10099.098779] TCPLog: in_ack_event - cwnd=190, recv_wnd=44, snd_wnd=221
[10099.098813] TCPLog: set_state - state=TCP_CA_Disorder - cwnd=190
[10099.098827] TCPLog: cong_avoid - cwnd=190
[10099.100576] TCPLog: in_ack_event - cwnd=192, recv_wnd=44, snd_wnd=221
[10099.100618] TCPLog: cong_avoid - cwnd=192
[10099.100666] TCPLog: in_ack_event - cwnd=193, recv_wnd=44, snd_wnd=221
[10099.100696] TCPLog: cong_avoid - cwnd=193
[10099.100717] TCPLog: in_ack_event - cwnd=194, recv_wnd=44, snd_wnd=221
[10099.100736] TCPLog: ssthresh
[10099.100761] TCPLog: set_state - state=TCP_CA_Recovery - cwnd=194
[10099.103284] TCPLog: in_ack_event - cwnd=191, recv_wnd=44, snd_wnd=221
[10099.104565] TCPLog: in_ack_event - cwnd=190, recv_wnd=44, snd_wnd=221
[10099.105806] TCPLog: in_ack_event - cwnd=189, recv_wnd=44, snd_wnd=221
[10099.105832] TCPLog: in_ack_event - cwnd=187, recv_wnd=44, snd_wnd=221
[10099.107105] TCPLog: in_ack_event - cwnd=185, recv_wnd=44, snd_wnd=221
[10099.108306] TCPLog: in_ack_event - cwnd=184, recv_wnd=44, snd_wnd=221
[10099.109491] TCPLog: in_ack_event - cwnd=178, recv_wnd=44, snd_wnd=221
[10099.110876] TCPLog: in_ack_event - cwnd=178, recv_wnd=44, snd_wnd=221
[10099.111293] TCPLog: in_ack_event - cwnd=169, recv_wnd=44, snd_wnd=221
[10099.113683] TCPLog: in_ack_event - cwnd=169, recv_wnd=44, snd_wnd=221
[10099.113709] TCPLog: in_ack_event - cwnd=168, recv_wnd=44, snd_wnd=221
[10099.116243] TCPLog: in_ack_event - cwnd=163, recv_wnd=44, snd_wnd=221
[10099.116319] TCPLog: in_ack_event - cwnd=162, recv_wnd=44, snd_wnd=221
[10099.117714] TCPLog: in_ack_event - cwnd=161, recv_wnd=44, snd_wnd=221
[10099.118442] TCPLog: in_ack_event - cwnd=154, recv_wnd=44, snd_wnd=221
[10099.120437] TCPLog: in_ack_event - cwnd=153, recv_wnd=44, snd_wnd=221
[10099.120462] TCPLog: in_ack_event - cwnd=150, recv_wnd=44, snd_wnd=221
[10099.122945] TCPLog: in_ack_event - cwnd=145, recv_wnd=44, snd_wnd=221
[10099.123793] TCPLog: in_ack_event - cwnd=143, recv_wnd=44, snd_wnd=221
[10099.124977] TCPLog: in_ack_event - cwnd=134, recv_wnd=44, snd_wnd=221
[10099.126305] TCPLog: in_ack_event - cwnd=133, recv_wnd=44, snd_wnd=221
[10099.127512] TCPLog: in_ack_event - cwnd=130, recv_wnd=44, snd_wnd=221
[10099.128287] TCPLog: in_ack_event - cwnd=128, recv_wnd=44, snd_wnd=221
[10099.130657] TCPLog: in_ack_event - cwnd=127, recv_wnd=44, snd_wnd=221
[10099.130674] TCPLog: in_ack_event - cwnd=126, recv_wnd=44, snd_wnd=221
[10099.132031] TCPLog: in_ack_event - cwnd=125, recv_wnd=44, snd_wnd=221
[10099.134675] TCPLog: in_ack_event - cwnd=120, recv_wnd=44, snd_wnd=221
[10099.134708] TCPLog: in_ack_event - cwnd=118, recv_wnd=44, snd_wnd=221
[10099.137130] TCPLog: in_ack_event - cwnd=117, recv_wnd=44, snd_wnd=221
[10099.138389] TCPLog: in_ack_event - cwnd=112, recv_wnd=44, snd_wnd=221
[10099.139808] TCPLog: in_ack_event - cwnd=108, recv_wnd=44, snd_wnd=221
[10099.141242] TCPLog: in_ack_event - cwnd=101, recv_wnd=44, snd_wnd=221
[10099.142493] TCPLog: in_ack_event - cwnd=97, recv_wnd=44, snd_wnd=221
[10099.143608] TCPLog: in_ack_event - cwnd=97, recv_wnd=44, snd_wnd=221
[10099.144456] TCPLog: in_ack_event - cwnd=97, recv_wnd=44, snd_wnd=221
[10099.145763] TCPLog: in_ack_event - cwnd=97, recv_wnd=44, snd_wnd=221
[10099.146431] TCPLog: in_ack_event - cwnd=97, recv_wnd=44, snd_wnd=221
[10099.148731] TCPLog: in_ack_event - cwnd=97, recv_wnd=44, snd_wnd=221
[10099.149692] TCPLog: in_ack_event - cwnd=97, recv_wnd=44, snd_wnd=221
[10099.151097] TCPLog: in_ack_event - cwnd=97, recv_wnd=44, snd_wnd=221
[10099.152565] TCPLog: in_ack_event - cwnd=97, recv_wnd=44, snd_wnd=221
[10099.153837] TCPLog: in_ack_event - cwnd=97, recv_wnd=44, snd_wnd=221
[10099.155172] TCPLog: in_ack_event - cwnd=97, recv_wnd=44, snd_wnd=221
[10099.156581] TCPLog: in_ack_event - cwnd=97, recv_wnd=44, snd_wnd=221
[10099.156656] TCPLog: in_ack_event - cwnd=97, recv_wnd=44, snd_wnd=221
[10099.158461] TCPLog: in_ack_event - cwnd=97, recv_wnd=44, snd_wnd=221
[10099.158487] TCPLog: in_ack_event - cwnd=97, recv_wnd=44, snd_wnd=221
[10099.161636] TCPLog: in_ack_event - cwnd=97, recv_wnd=44, snd_wnd=221
[10099.161653] TCPLog: in_ack_event - cwnd=97, recv_wnd=44, snd_wnd=221
[10099.162635] TCPLog: in_ack_event - cwnd=96, recv_wnd=44, snd_wnd=221
[10099.163686] TCPLog: in_ack_event - cwnd=93, recv_wnd=44, snd_wnd=221
[10099.165022] TCPLog: in_ack_event - cwnd=93, recv_wnd=44, snd_wnd=221
[10099.167645] TCPLog: in_ack_event - cwnd=93, recv_wnd=44, snd_wnd=221
[10099.168795] TCPLog: in_ack_event - cwnd=93, recv_wnd=44, snd_wnd=221
[10099.170261] TCPLog: in_ack_event - cwnd=93, recv_wnd=44, snd_wnd=221
[10099.170292] TCPLog: in_ack_event - cwnd=93, recv_wnd=44, snd_wnd=221
[10099.171874] TCPLog: in_ack_event - cwnd=93, recv_wnd=44, snd_wnd=221
[10099.172434] TCPLog: in_ack_event - cwnd=93, recv_wnd=44, snd_wnd=221
[10099.174701] TCPLog: in_ack_event - cwnd=93, recv_wnd=44, snd_wnd=221
[10099.174725] TCPLog: in_ack_event - cwnd=93, recv_wnd=44, snd_wnd=221
[10099.177475] TCPLog: in_ack_event - cwnd=93, recv_wnd=44, snd_wnd=221
[10099.177502] TCPLog: in_ack_event - cwnd=93, recv_wnd=44, snd_wnd=221
[10099.178752] TCPLog: in_ack_event - cwnd=93, recv_wnd=44, snd_wnd=221
[10099.179457] TCPLog: in_ack_event - cwnd=93, recv_wnd=44, snd_wnd=221
[10099.181929] TCPLog: in_ack_event - cwnd=93, recv_wnd=44, snd_wnd=221
[10099.183787] TCPLog: in_ack_event - cwnd=93, recv_wnd=44, snd_wnd=221
[10099.185184] TCPLog: in_ack_event - cwnd=93, recv_wnd=44, snd_wnd=221
[10099.186660] TCPLog: in_ack_event - cwnd=93, recv_wnd=44, snd_wnd=221
[10099.186676] TCPLog: in_ack_event - cwnd=93, recv_wnd=44, snd_wnd=221
[10099.188741] TCPLog: in_ack_event - cwnd=93, recv_wnd=44, snd_wnd=221
[10099.190205] TCPLog: in_ack_event - cwnd=93, recv_wnd=44, snd_wnd=221
[10099.191663] TCPLog: in_ack_event - cwnd=93, recv_wnd=44, snd_wnd=221
[10099.193805] TCPLog: in_ack_event - cwnd=93, recv_wnd=44, snd_wnd=221
[10099.193824] TCPLog: in_ack_event - cwnd=93, recv_wnd=44, snd_wnd=221
[10099.195951] TCPLog: in_ack_event - cwnd=93, recv_wnd=44, snd_wnd=221
[10099.197532] TCPLog: in_ack_event - cwnd=93, recv_wnd=44, snd_wnd=221
[10099.197579] TCPLog: in_ack_event - cwnd=93, recv_wnd=44, snd_wnd=221
[10099.200274] TCPLog: in_ack_event - cwnd=93, recv_wnd=44, snd_wnd=221
[10099.200324] TCPLog: in_ack_event - cwnd=93, recv_wnd=44, snd_wnd=221
[10099.202970] TCPLog: in_ack_event - cwnd=93, recv_wnd=44, snd_wnd=221
[10099.204605] TCPLog: in_ack_event - cwnd=93, recv_wnd=44, snd_wnd=221
[10099.205946] TCPLog: in_ack_event - cwnd=93, recv_wnd=44, snd_wnd=221
[10099.207516] TCPLog: in_ack_event - cwnd=93, recv_wnd=44, snd_wnd=221
[10099.207562] TCPLog: in_ack_event - cwnd=93, recv_wnd=44, snd_wnd=221
[10099.209522] TCPLog: in_ack_event - cwnd=93, recv_wnd=44, snd_wnd=221
[10099.210660] TCPLog: in_ack_event - cwnd=93, recv_wnd=44, snd_wnd=221
[10099.211908] TCPLog: in_ack_event - cwnd=93, recv_wnd=44, snd_wnd=221
[10099.214012] TCPLog: in_ack_event - cwnd=93, recv_wnd=44, snd_wnd=221
[10099.215192] TCPLog: in_ack_event - cwnd=93, recv_wnd=44, snd_wnd=221
[10099.216333] TCPLog: in_ack_event - cwnd=93, recv_wnd=44, snd_wnd=221
[10099.217919] TCPLog: in_ack_event - cwnd=93, recv_wnd=44, snd_wnd=221
[10099.217970] TCPLog: in_ack_event - cwnd=93, recv_wnd=44, snd_wnd=221
[10099.219503] TCPLog: in_ack_event - cwnd=93, recv_wnd=44, snd_wnd=92
[10099.219591] TCPLog: in_ack_event - cwnd=94, recv_wnd=44, snd_wnd=206
[10099.219604] TCPLog: in_ack_event - cwnd=94, recv_wnd=44, snd_wnd=224
[10099.219611] TCPLog: in_ack_event - cwnd=94, recv_wnd=44, snd_wnd=226
[10099.220902] TCPLog: in_ack_event - cwnd=94, recv_wnd=44, snd_wnd=228
[10099.220917] TCPLog: set_state - state=TCP_CA_Open - cwnd=94
[10099.220922] TCPLog: cwnd_event - ev=CA_EVENT_COMPLETE_CWR, cwnd=97
[10099.220926] TCPLog: cong_avoid - cwnd=97
[10099.224853] TCPLog: in_ack_event - cwnd=97, recv_wnd=44, snd_wnd=230
[10099.224870] TCPLog: cong_avoid - cwnd=97
[10099.224884] TCPLog: in_ack_event - cwnd=97, recv_wnd=44, snd_wnd=232
[10099.224891] TCPLog: cong_avoid - cwnd=97
[10099.224898] TCPLog: in_ack_event - cwnd=97, recv_wnd=44, snd_wnd=234
[10099.224905] TCPLog: cong_avoid - cwnd=97
[10099.224910] TCPLog: in_ack_event - cwnd=97, recv_wnd=44, snd_wnd=236
[10099.224914] TCPLog: cong_avoid - cwnd=97
[10099.224922] TCPLog: in_ack_event - cwnd=97, recv_wnd=44, snd_wnd=238
[10099.224927] TCPLog: cong_avoid - cwnd=97
[10099.226225] TCPLog: in_ack_event - cwnd=97, recv_wnd=44, snd_wnd=240
[10099.226241] TCPLog: cong_avoid - cwnd=97
[10099.226256] TCPLog: in_ack_event - cwnd=97, recv_wnd=44, snd_wnd=242
[10099.226262] TCPLog: cong_avoid - cwnd=97
[10099.226267] TCPLog: in_ack_event - cwnd=97, recv_wnd=44, snd_wnd=244
[10099.226273] TCPLog: cong_avoid - cwnd=97
[10099.226281] TCPLog: in_ack_event - cwnd=97, recv_wnd=44, snd_wnd=246
[10099.226287] TCPLog: cong_avoid - cwnd=97
[10099.226292] TCPLog: in_ack_event - cwnd=97, recv_wnd=44, snd_wnd=248
[10099.226297] TCPLog: cong_avoid - cwnd=97
[10099.227836] TCPLog: in_ack_event - cwnd=97, recv_wnd=44, snd_wnd=251
[10099.227889] TCPLog: cong_avoid - cwnd=97
[10099.227936] TCPLog: in_ack_event - cwnd=97, recv_wnd=44, snd_wnd=252
[10099.227957] TCPLog: cong_avoid - cwnd=97
[10099.228893] TCPLog: in_ack_event - cwnd=97, recv_wnd=44, snd_wnd=255
[10099.228909] TCPLog: cong_avoid - cwnd=97
[10099.228923] TCPLog: in_ack_event - cwnd=97, recv_wnd=44, snd_wnd=257
[10099.228929] TCPLog: cong_avoid - cwnd=97
[10099.230375] TCPLog: in_ack_event - cwnd=97, recv_wnd=44, snd_wnd=259
[10099.230422] TCPLog: cong_avoid - cwnd=97
[10099.231521] TCPLog: in_ack_event - cwnd=97, recv_wnd=44, snd_wnd=261
[10099.231537] TCPLog: cong_avoid - cwnd=97
[10099.231559] TCPLog: in_ack_event - cwnd=97, recv_wnd=44, snd_wnd=263
[10099.231566] TCPLog: cong_avoid - cwnd=97
[10099.231571] TCPLog: in_ack_event - cwnd=97, recv_wnd=44, snd_wnd=265
[10099.231577] TCPLog: cong_avoid - cwnd=97
[10099.232445] TCPLog: in_ack_event - cwnd=97, recv_wnd=44, snd_wnd=267
[10099.232487] TCPLog: cong_avoid - cwnd=97
[10099.233119] TCPLog: in_ack_event - cwnd=97, recv_wnd=44, snd_wnd=269
[10099.233133] TCPLog: cong_avoid - cwnd=97
[10099.234473] TCPLog: in_ack_event - cwnd=97, recv_wnd=44, snd_wnd=271
[10099.234488] TCPLog: cong_avoid - cwnd=97
[10099.234502] TCPLog: in_ack_event - cwnd=97, recv_wnd=44, snd_wnd=273
[10099.234507] TCPLog: cong_avoid - cwnd=97
[10099.235532] TCPLog: in_ack_event - cwnd=97, recv_wnd=44, snd_wnd=275
[10099.235547] TCPLog: cong_avoid - cwnd=97
[10099.235560] TCPLog: in_ack_event - cwnd=97, recv_wnd=44, snd_wnd=277
[10099.235566] TCPLog: cong_avoid - cwnd=97
[10099.235981] TCPLog: in_ack_event - cwnd=97, recv_wnd=44, snd_wnd=279
[10099.235994] TCPLog: ssthresh
[10099.235998] TCPLog: set_state - state=TCP_CA_Recovery - cwnd=97
[10099.236688] TCPLog: in_ack_event - cwnd=95, recv_wnd=44, snd_wnd=281
[10099.237393] TCPLog: in_ack_event - cwnd=94, recv_wnd=44, snd_wnd=283
[10099.238917] TCPLog: in_ack_event - cwnd=94, recv_wnd=44, snd_wnd=285
[10099.238937] TCPLog: in_ack_event - cwnd=93, recv_wnd=44, snd_wnd=287
[10099.238955] TCPLog: in_ack_event - cwnd=93, recv_wnd=44, snd_wnd=289
[10099.239987] TCPLog: in_ack_event - cwnd=92, recv_wnd=44, snd_wnd=291
[10099.240705] TCPLog: in_ack_event - cwnd=92, recv_wnd=44, snd_wnd=293
[10099.240756] TCPLog: in_ack_event - cwnd=91, recv_wnd=44, snd_wnd=295
[10099.241962] TCPLog: in_ack_event - cwnd=91, recv_wnd=44, snd_wnd=297
[10099.242011] TCPLog: in_ack_event - cwnd=90, recv_wnd=44, snd_wnd=299
[10099.242667] TCPLog: in_ack_event - cwnd=90, recv_wnd=44, snd_wnd=301
[10099.244566] TCPLog: in_ack_event - cwnd=89, recv_wnd=44, snd_wnd=303
[10099.244580] TCPLog: in_ack_event - cwnd=89, recv_wnd=44, snd_wnd=305
[10099.244584] TCPLog: in_ack_event - cwnd=88, recv_wnd=44, snd_wnd=307
[10099.245807] TCPLog: in_ack_event - cwnd=88, recv_wnd=44, snd_wnd=309
[10099.245828] TCPLog: in_ack_event - cwnd=87, recv_wnd=44, snd_wnd=311
[10099.247201] TCPLog: in_ack_event - cwnd=87, recv_wnd=44, snd_wnd=313
[10099.248517] TCPLog: in_ack_event - cwnd=86, recv_wnd=44, snd_wnd=315
[10099.248593] TCPLog: in_ack_event - cwnd=86, recv_wnd=44, snd_wnd=317
[10099.248618] TCPLog: in_ack_event - cwnd=85, recv_wnd=44, snd_wnd=319
[10099.248660] TCPLog: in_ack_event - cwnd=85, recv_wnd=44, snd_wnd=321
[10099.249964] TCPLog: in_ack_event - cwnd=84, recv_wnd=44, snd_wnd=321
[10099.250708] TCPLog: in_ack_event - cwnd=84, recv_wnd=44, snd_wnd=321
[10099.250724] TCPLog: in_ack_event - cwnd=83, recv_wnd=44, snd_wnd=321
[10099.253131] TCPLog: in_ack_event - cwnd=83, recv_wnd=44, snd_wnd=321
[10099.254433] TCPLog: in_ack_event - cwnd=82, recv_wnd=44, snd_wnd=321
[10099.255632] TCPLog: in_ack_event - cwnd=81, recv_wnd=44, snd_wnd=321
[10099.256904] TCPLog: in_ack_event - cwnd=80, recv_wnd=44, snd_wnd=321
[10099.258136] TCPLog: in_ack_event - cwnd=79, recv_wnd=44, snd_wnd=321
[10099.259033] TCPLog: in_ack_event - cwnd=77, recv_wnd=44, snd_wnd=321
[10099.261460] TCPLog: in_ack_event - cwnd=76, recv_wnd=44, snd_wnd=321
[10099.261485] TCPLog: in_ack_event - cwnd=75, recv_wnd=44, snd_wnd=321
[10099.263871] TCPLog: in_ack_event - cwnd=74, recv_wnd=44, snd_wnd=321
[10099.265256] TCPLog: in_ack_event - cwnd=73, recv_wnd=44, snd_wnd=321
[10099.266210] TCPLog: in_ack_event - cwnd=72, recv_wnd=44, snd_wnd=321
[10099.267513] TCPLog: in_ack_event - cwnd=71, recv_wnd=44, snd_wnd=321
[10099.268646] TCPLog: in_ack_event - cwnd=70, recv_wnd=44, snd_wnd=321
[10099.269971] TCPLog: in_ack_event - cwnd=69, recv_wnd=44, snd_wnd=321
[10099.272138] TCPLog: in_ack_event - cwnd=67, recv_wnd=44, snd_wnd=321
[10099.272970] TCPLog: in_ack_event - cwnd=66, recv_wnd=44, snd_wnd=321
[10099.274881] TCPLog: in_ack_event - cwnd=65, recv_wnd=44, snd_wnd=321
[10099.275713] TCPLog: in_ack_event - cwnd=64, recv_wnd=44, snd_wnd=321
[10099.277948] TCPLog: in_ack_event - cwnd=63, recv_wnd=44, snd_wnd=321
[10099.277973] TCPLog: in_ack_event - cwnd=62, recv_wnd=44, snd_wnd=321
[10099.280475] TCPLog: in_ack_event - cwnd=61, recv_wnd=44, snd_wnd=321
[10099.280501] TCPLog: in_ack_event - cwnd=60, recv_wnd=44, snd_wnd=321
[10099.282380] TCPLog: in_ack_event - cwnd=59, recv_wnd=44, snd_wnd=321
[10099.282982] TCPLog: in_ack_event - cwnd=58, recv_wnd=44, snd_wnd=321
[10099.284306] TCPLog: in_ack_event - cwnd=57, recv_wnd=44, snd_wnd=321
[10099.285820] TCPLog: in_ack_event - cwnd=56, recv_wnd=44, snd_wnd=321
[10099.287086] TCPLog: in_ack_event - cwnd=55, recv_wnd=44, snd_wnd=321
[10099.287668] TCPLog: in_ack_event - cwnd=54, recv_wnd=44, snd_wnd=321
[10099.290160] TCPLog: in_ack_event - cwnd=53, recv_wnd=44, snd_wnd=321
[10099.291259] TCPLog: in_ack_event - cwnd=52, recv_wnd=44, snd_wnd=321
[10099.292595] TCPLog: in_ack_event - cwnd=51, recv_wnd=44, snd_wnd=321
[10099.293762] TCPLog: in_ack_event - cwnd=50, recv_wnd=44, snd_wnd=321
[10099.293803] TCPLog: in_ack_event - cwnd=48, recv_wnd=44, snd_wnd=272
[10099.295315] TCPLog: in_ack_event - cwnd=48, recv_wnd=44, snd_wnd=323
[10099.296476] TCPLog: in_ack_event - cwnd=48, recv_wnd=44, snd_wnd=325
[10099.296502] TCPLog: in_ack_event - cwnd=48, recv_wnd=44, snd_wnd=327
[10099.296513] TCPLog: in_ack_event - cwnd=48, recv_wnd=44, snd_wnd=329
[10099.296521] TCPLog: in_ack_event - cwnd=48, recv_wnd=44, snd_wnd=331
[10099.299008] TCPLog: in_ack_event - cwnd=48, recv_wnd=44, snd_wnd=333
[10099.299034] TCPLog: in_ack_event - cwnd=48, recv_wnd=44, snd_wnd=335
[10099.299045] TCPLog: in_ack_event - cwnd=48, recv_wnd=44, snd_wnd=337
[10099.300178] TCPLog: in_ack_event - cwnd=48, recv_wnd=44, snd_wnd=339
[10099.300203] TCPLog: in_ack_event - cwnd=48, recv_wnd=44, snd_wnd=341
[10099.301058] TCPLog: in_ack_event - cwnd=48, recv_wnd=44, snd_wnd=343
[10099.301628] TCPLog: in_ack_event - cwnd=48, recv_wnd=44, snd_wnd=345
[10099.301653] TCPLog: in_ack_event - cwnd=48, recv_wnd=44, snd_wnd=347
[10099.302558] TCPLog: in_ack_event - cwnd=48, recv_wnd=44, snd_wnd=349
[10099.302766] TCPLog: in_ack_event - cwnd=48, recv_wnd=44, snd_wnd=351
[10099.303491] TCPLog: in_ack_event - cwnd=48, recv_wnd=44, snd_wnd=354
[10099.304160] TCPLog: in_ack_event - cwnd=48, recv_wnd=44, snd_wnd=355
[10099.306018] TCPLog: in_ack_event - cwnd=48, recv_wnd=44, snd_wnd=358
[10099.306041] TCPLog: in_ack_event - cwnd=48, recv_wnd=44, snd_wnd=359
[10099.306052] TCPLog: in_ack_event - cwnd=48, recv_wnd=44, snd_wnd=362
[10099.307000] TCPLog: in_ack_event - cwnd=48, recv_wnd=44, snd_wnd=364
[10099.307669] TCPLog: in_ack_event - cwnd=48, recv_wnd=44, snd_wnd=366
[10099.308174] TCPLog: in_ack_event - cwnd=48, recv_wnd=44, snd_wnd=368
[10099.308923] TCPLog: in_ack_event - cwnd=48, recv_wnd=44, snd_wnd=370
[10099.308998] TCPLog: in_ack_event - cwnd=48, recv_wnd=44, snd_wnd=372
[10099.309962] TCPLog: in_ack_event - cwnd=48, recv_wnd=44, snd_wnd=374
[10099.310673] TCPLog: in_ack_event - cwnd=48, recv_wnd=44, snd_wnd=376
[10099.310697] TCPLog: in_ack_event - cwnd=48, recv_wnd=44, snd_wnd=378
[10099.311646] TCPLog: in_ack_event - cwnd=48, recv_wnd=44, snd_wnd=380
[10099.312400] TCPLog: in_ack_event - cwnd=48, recv_wnd=44, snd_wnd=382
[10099.312845] TCPLog: in_ack_event - cwnd=48, recv_wnd=44, snd_wnd=384
[10099.313257] TCPLog: in_ack_event - cwnd=48, recv_wnd=44, snd_wnd=386
[10099.314196] TCPLog: in_ack_event - cwnd=48, recv_wnd=44, snd_wnd=388
[10099.314855] TCPLog: in_ack_event - cwnd=48, recv_wnd=44, snd_wnd=390
[10099.316684] TCPLog: in_ack_event - cwnd=48, recv_wnd=44, snd_wnd=392
[10099.316709] TCPLog: in_ack_event - cwnd=48, recv_wnd=44, snd_wnd=394
[10099.316720] TCPLog: in_ack_event - cwnd=48, recv_wnd=44, snd_wnd=396
[10099.317903] TCPLog: in_ack_event - cwnd=48, recv_wnd=44, snd_wnd=398
[10099.317927] TCPLog: in_ack_event - cwnd=48, recv_wnd=44, snd_wnd=400
[10099.318643] TCPLog: in_ack_event - cwnd=48, recv_wnd=44, snd_wnd=402
[10099.319399] TCPLog: in_ack_event - cwnd=48, recv_wnd=44, snd_wnd=404
[10099.319422] TCPLog: in_ack_event - cwnd=48, recv_wnd=44, snd_wnd=406
[10099.320233] TCPLog: in_ack_event - cwnd=48, recv_wnd=44, snd_wnd=408
[10099.320934] TCPLog: in_ack_event - cwnd=48, recv_wnd=44, snd_wnd=410
[10099.322049] TCPLog: in_ack_event - cwnd=48, recv_wnd=44, snd_wnd=412
[10099.322073] TCPLog: in_ack_event - cwnd=48, recv_wnd=44, snd_wnd=414
[10099.322082] TCPLog: set_state - state=TCP_CA_Open - cwnd=48
[10099.322086] TCPLog: cwnd_event - ev=CA_EVENT_COMPLETE_CWR, cwnd=48
[10099.322092] TCPLog: cong_avoid - cwnd=48
[10099.322347] TCPLog: in_ack_event - cwnd=48, recv_wnd=44, snd_wnd=416
[10099.322385] TCPLog: cong_avoid - cwnd=48
[10099.324208] TCPLog: in_ack_event - cwnd=48, recv_wnd=44, snd_wnd=418
[10099.324226] TCPLog: cong_avoid - cwnd=48
[10099.324243] TCPLog: in_ack_event - cwnd=48, recv_wnd=44, snd_wnd=420
[10099.324250] TCPLog: cong_avoid - cwnd=48
[10099.324256] TCPLog: in_ack_event - cwnd=48, recv_wnd=44, snd_wnd=422
[10099.324263] TCPLog: cong_avoid - cwnd=48
[10099.325301] TCPLog: in_ack_event - cwnd=48, recv_wnd=44, snd_wnd=424
[10099.325315] TCPLog: cong_avoid - cwnd=48
[10099.325330] TCPLog: in_ack_event - cwnd=48, recv_wnd=44, snd_wnd=426
[10099.325336] TCPLog: cong_avoid - cwnd=48
[10099.326754] TCPLog: in_ack_event - cwnd=48, recv_wnd=44, snd_wnd=428
[10099.326768] TCPLog: cong_avoid - cwnd=48
[10099.327392] TCPLog: in_ack_event - cwnd=48, recv_wnd=44, snd_wnd=430
[10099.327413] TCPLog: cong_avoid - cwnd=48
[10099.328036] TCPLog: in_ack_event - cwnd=48, recv_wnd=44, snd_wnd=432
[10099.328050] TCPLog: cong_avoid - cwnd=48
[10099.328602] TCPLog: in_ack_event - cwnd=48, recv_wnd=44, snd_wnd=434
[10099.328616] TCPLog: cong_avoid - cwnd=48
[10099.329262] TCPLog: in_ack_event - cwnd=48, recv_wnd=44, snd_wnd=436
[10099.329305] TCPLog: cong_avoid - cwnd=48
[10099.329843] TCPLog: in_ack_event - cwnd=48, recv_wnd=44, snd_wnd=438
[10099.329858] TCPLog: cong_avoid - cwnd=48
[10099.330518] TCPLog: in_ack_event - cwnd=48, recv_wnd=44, snd_wnd=440
[10099.330559] TCPLog: cong_avoid - cwnd=48
[10099.331177] TCPLog: in_ack_event - cwnd=48, recv_wnd=44, snd_wnd=442
[10099.331190] TCPLog: cong_avoid - cwnd=48
[10099.331837] TCPLog: in_ack_event - cwnd=48, recv_wnd=44, snd_wnd=444
[10099.331882] TCPLog: cong_avoid - cwnd=48
[10099.332396] TCPLog: in_ack_event - cwnd=48, recv_wnd=44, snd_wnd=446
[10099.332410] TCPLog: cong_avoid - cwnd=48
[10099.333066] TCPLog: in_ack_event - cwnd=48, recv_wnd=44, snd_wnd=448
[10099.333080] TCPLog: cong_avoid - cwnd=48
[10099.333699] TCPLog: in_ack_event - cwnd=48, recv_wnd=44, snd_wnd=450
[10099.333713] TCPLog: cong_avoid - cwnd=48
[10099.333718] TCPLog: in_ack_event - cwnd=48, recv_wnd=44, snd_wnd=452
[10099.333724] TCPLog: cong_avoid - cwnd=48
[10099.334743] TCPLog: in_ack_event - cwnd=48, recv_wnd=44, snd_wnd=454
[10099.334759] TCPLog: cong_avoid - cwnd=48
[10099.335418] TCPLog: in_ack_event - cwnd=48, recv_wnd=44, snd_wnd=456
[10099.335432] TCPLog: cong_avoid - cwnd=48
[10099.336029] TCPLog: in_ack_event - cwnd=48, recv_wnd=44, snd_wnd=458
[10099.336072] TCPLog: cong_avoid - cwnd=48
[10099.336655] TCPLog: in_ack_event - cwnd=48, recv_wnd=44, snd_wnd=461
[10099.336669] TCPLog: cong_avoid - cwnd=48
[10099.336683] TCPLog: in_ack_event - cwnd=48, recv_wnd=44, snd_wnd=462
[10099.336690] TCPLog: cong_avoid - cwnd=48
[10099.337815] TCPLog: in_ack_event - cwnd=48, recv_wnd=44, snd_wnd=465
[10099.337830] TCPLog: cong_avoid - cwnd=48
[10099.338409] TCPLog: in_ack_event - cwnd=48, recv_wnd=44, snd_wnd=467
[10099.338423] TCPLog: cong_avoid - cwnd=48
[10099.339031] TCPLog: in_ack_event - cwnd=48, recv_wnd=44, snd_wnd=469
[10099.339072] TCPLog: cong_avoid - cwnd=48
[10099.339597] TCPLog: in_ack_event - cwnd=48, recv_wnd=44, snd_wnd=471
[10099.339611] TCPLog: cong_avoid - cwnd=48
[10099.340305] TCPLog: in_ack_event - cwnd=48, recv_wnd=44, snd_wnd=473
[10099.340319] TCPLog: cong_avoid - cwnd=48
[10099.340896] TCPLog: in_ack_event - cwnd=48, recv_wnd=44, snd_wnd=475
[10099.340910] TCPLog: cong_avoid - cwnd=48
[10099.340915] TCPLog: in_ack_event - cwnd=48, recv_wnd=44, snd_wnd=477
[10099.340920] TCPLog: cong_avoid - cwnd=48
[10099.342506] TCPLog: in_ack_event - cwnd=48, recv_wnd=44, snd_wnd=479
[10099.342519] TCPLog: cong_avoid - cwnd=48
[10099.342533] TCPLog: in_ack_event - cwnd=48, recv_wnd=44, snd_wnd=481
[10099.342539] TCPLog: cong_avoid - cwnd=48
[10099.343428] TCPLog: in_ack_event - cwnd=48, recv_wnd=44, snd_wnd=483
[10099.343442] TCPLog: cong_avoid - cwnd=48
[10099.344225] TCPLog: in_ack_event - cwnd=48, recv_wnd=44, snd_wnd=485
[10099.344270] TCPLog: cong_avoid - cwnd=48
[10099.344906] TCPLog: in_ack_event - cwnd=48, recv_wnd=44, snd_wnd=487
[10099.344919] TCPLog: cong_avoid - cwnd=48
[10099.344932] TCPLog: in_ack_event - cwnd=48, recv_wnd=44, snd_wnd=489
[10099.344946] TCPLog: cong_avoid - cwnd=48
[10099.346067] TCPLog: in_ack_event - cwnd=48, recv_wnd=44, snd_wnd=491
[10099.346096] TCPLog: cong_avoid - cwnd=48
[10099.347042] TCPLog: in_ack_event - cwnd=48, recv_wnd=44, snd_wnd=493
[10099.347087] TCPLog: cong_avoid - cwnd=48
[10099.347100] TCPLog: in_ack_event - cwnd=48, recv_wnd=44, snd_wnd=495
[10099.347111] TCPLog: cong_avoid - cwnd=48
[10099.347934] TCPLog: in_ack_event - cwnd=48, recv_wnd=44, snd_wnd=497
[10099.347949] TCPLog: cong_avoid - cwnd=48
[10099.347955] TCPLog: in_ack_event - cwnd=48, recv_wnd=44, snd_wnd=499
[10099.347961] TCPLog: cong_avoid - cwnd=48
[10099.348515] TCPLog: in_ack_event - cwnd=48, recv_wnd=44, snd_wnd=501
[10099.348556] TCPLog: cong_avoid - cwnd=48
[10099.350400] TCPLog: in_ack_event - cwnd=48, recv_wnd=44, snd_wnd=503
[10099.350413] TCPLog: cong_avoid - cwnd=48
[10099.350426] TCPLog: in_ack_event - cwnd=48, recv_wnd=44, snd_wnd=505
[10099.350433] TCPLog: cong_avoid - cwnd=48
[10099.351558] TCPLog: in_ack_event - cwnd=48, recv_wnd=44, snd_wnd=507
[10099.351575] TCPLog: cong_avoid - cwnd=48
[10099.351588] TCPLog: in_ack_event - cwnd=48, recv_wnd=44, snd_wnd=509
[10099.351596] TCPLog: cong_avoid - cwnd=48
[10099.351603] TCPLog: in_ack_event - cwnd=49, recv_wnd=44, snd_wnd=511
[10099.351609] TCPLog: cong_avoid - cwnd=49
[10099.352602] TCPLog: in_ack_event - cwnd=49, recv_wnd=44, snd_wnd=513
[10099.352618] TCPLog: cong_avoid - cwnd=49
[10099.352632] TCPLog: in_ack_event - cwnd=49, recv_wnd=44, snd_wnd=515
[10099.352639] TCPLog: cong_avoid - cwnd=49
[10099.353189] TCPLog: in_ack_event - cwnd=49, recv_wnd=44, snd_wnd=517
[10099.353207] TCPLog: cong_avoid - cwnd=49
[10099.354277] TCPLog: in_ack_event - cwnd=49, recv_wnd=44, snd_wnd=519
[10099.354295] TCPLog: cong_avoid - cwnd=49
[10099.354732] TCPLog: in_ack_event - cwnd=49, recv_wnd=44, snd_wnd=521
[10099.354746] TCPLog: cong_avoid - cwnd=49
[10099.355583] TCPLog: in_ack_event - cwnd=49, recv_wnd=44, snd_wnd=523
[10099.355626] TCPLog: cong_avoid - cwnd=49
[10099.356121] TCPLog: in_ack_event - cwnd=49, recv_wnd=44, snd_wnd=525
[10099.356135] TCPLog: cong_avoid - cwnd=49
[10099.356717] TCPLog: in_ack_event - cwnd=49, recv_wnd=44, snd_wnd=527
[10099.356757] TCPLog: cong_avoid - cwnd=49
[10099.357421] TCPLog: in_ack_event - cwnd=49, recv_wnd=44, snd_wnd=529
[10099.357436] TCPLog: cong_avoid - cwnd=49
[10099.358023] TCPLog: in_ack_event - cwnd=49, recv_wnd=44, snd_wnd=531
[10099.358063] TCPLog: cong_avoid - cwnd=49
[10099.358684] TCPLog: in_ack_event - cwnd=49, recv_wnd=44, snd_wnd=533
[10099.358688] TCPLog: cong_avoid - cwnd=49
[10099.359356] TCPLog: in_ack_event - cwnd=49, recv_wnd=44, snd_wnd=535
[10099.359401] TCPLog: cong_avoid - cwnd=49
[10099.359974] TCPLog: in_ack_event - cwnd=49, recv_wnd=44, snd_wnd=537
[10099.359988] TCPLog: cong_avoid - cwnd=49
[10099.360461] TCPLog: in_ack_event - cwnd=49, recv_wnd=44, snd_wnd=539
[10099.360502] TCPLog: cong_avoid - cwnd=49
[10099.361136] TCPLog: in_ack_event - cwnd=49, recv_wnd=44, snd_wnd=541
[10099.361154] TCPLog: cong_avoid - cwnd=49
[10099.361161] TCPLog: in_ack_event - cwnd=49, recv_wnd=44, snd_wnd=543
[10099.361167] TCPLog: cong_avoid - cwnd=49
[10099.363230] TCPLog: in_ack_event - cwnd=49, recv_wnd=44, snd_wnd=545
[10099.363245] TCPLog: cong_avoid - cwnd=49
[10099.363258] TCPLog: in_ack_event - cwnd=49, recv_wnd=44, snd_wnd=547
[10099.363264] TCPLog: cong_avoid - cwnd=49
[10099.364461] TCPLog: in_ack_event - cwnd=49, recv_wnd=44, snd_wnd=549
[10099.364475] TCPLog: cong_avoid - cwnd=49
[10099.364489] TCPLog: in_ack_event - cwnd=49, recv_wnd=44, snd_wnd=551
[10099.364495] TCPLog: cong_avoid - cwnd=49
[10099.364903] TCPLog: in_ack_event - cwnd=49, recv_wnd=44, snd_wnd=553
[10099.364917] TCPLog: cong_avoid - cwnd=49
[10099.365837] TCPLog: in_ack_event - cwnd=49, recv_wnd=44, snd_wnd=555
[10099.365851] TCPLog: cong_avoid - cwnd=49
[10099.367115] TCPLog: in_ack_event - cwnd=49, recv_wnd=44, snd_wnd=557
[10099.367134] TCPLog: cong_avoid - cwnd=49
[10099.367151] TCPLog: in_ack_event - cwnd=49, recv_wnd=44, snd_wnd=559
[10099.367157] TCPLog: cong_avoid - cwnd=49
[10099.367162] TCPLog: in_ack_event - cwnd=49, recv_wnd=44, snd_wnd=561
[10099.367167] TCPLog: cong_avoid - cwnd=49
[10099.368204] TCPLog: in_ack_event - cwnd=49, recv_wnd=44, snd_wnd=564
[10099.368219] TCPLog: cong_avoid - cwnd=49
[10099.368266] TCPLog: in_ack_event - cwnd=49, recv_wnd=44, snd_wnd=566
[10099.368276] TCPLog: cong_avoid - cwnd=49
[10099.368944] TCPLog: in_ack_event - cwnd=49, recv_wnd=44, snd_wnd=568
[10099.368948] TCPLog: cong_avoid - cwnd=49
[10099.369618] TCPLog: in_ack_event - cwnd=49, recv_wnd=44, snd_wnd=570
[10099.369632] TCPLog: cong_avoid - cwnd=49
[10099.370221] TCPLog: in_ack_event - cwnd=49, recv_wnd=44, snd_wnd=572
[10099.370235] TCPLog: cong_avoid - cwnd=49
[10099.370967] TCPLog: in_ack_event - cwnd=49, recv_wnd=44, snd_wnd=574
[10099.370985] TCPLog: cong_avoid - cwnd=49
[10099.370992] TCPLog: in_ack_event - cwnd=49, recv_wnd=44, snd_wnd=576
[10099.370998] TCPLog: cong_avoid - cwnd=49
[10099.372483] TCPLog: in_ack_event - cwnd=49, recv_wnd=44, snd_wnd=578
[10099.372497] TCPLog: cong_avoid - cwnd=49
[10099.373176] TCPLog: in_ack_event - cwnd=49, recv_wnd=44, snd_wnd=580
[10099.373191] TCPLog: cong_avoid - cwnd=49
[10099.373200] TCPLog: in_ack_event - cwnd=49, recv_wnd=44, snd_wnd=582
[10099.373205] TCPLog: cong_avoid - cwnd=49
[10099.373218] TCPLog: in_ack_event - cwnd=49, recv_wnd=44, snd_wnd=584
[10099.373225] TCPLog: cong_avoid - cwnd=49
[10099.374499] TCPLog: in_ack_event - cwnd=49, recv_wnd=44, snd_wnd=586
[10099.374513] TCPLog: cong_avoid - cwnd=49
[10099.375407] TCPLog: in_ack_event - cwnd=49, recv_wnd=44, snd_wnd=588
[10099.375422] TCPLog: cong_avoid - cwnd=49
[10099.375804] TCPLog: in_ack_event - cwnd=49, recv_wnd=44, snd_wnd=590
[10099.375831] TCPLog: cong_avoid - cwnd=49
[10099.376475] TCPLog: in_ack_event - cwnd=49, recv_wnd=44, snd_wnd=592
[10099.376490] TCPLog: cong_avoid - cwnd=49
[10099.376496] TCPLog: in_ack_event - cwnd=49, recv_wnd=44, snd_wnd=594
[10099.376500] TCPLog: cong_avoid - cwnd=49
[10099.378032] TCPLog: in_ack_event - cwnd=49, recv_wnd=44, snd_wnd=596
[10099.378047] TCPLog: cong_avoid - cwnd=49
[10099.378060] TCPLog: in_ack_event - cwnd=49, recv_wnd=44, snd_wnd=598
[10099.378066] TCPLog: cong_avoid - cwnd=49
[10099.379198] TCPLog: in_ack_event - cwnd=49, recv_wnd=44, snd_wnd=600
[10099.379213] TCPLog: cong_avoid - cwnd=49
[10099.379226] TCPLog: in_ack_event - cwnd=49, recv_wnd=44, snd_wnd=602
[10099.379232] TCPLog: cong_avoid - cwnd=49
[10099.379513] TCPLog: in_ack_event - cwnd=49, recv_wnd=44, snd_wnd=604
[10099.379528] TCPLog: cong_avoid - cwnd=49
[10099.380319] TCPLog: in_ack_event - cwnd=49, recv_wnd=44, snd_wnd=606
[10099.380333] TCPLog: cong_avoid - cwnd=49
[10099.381009] TCPLog: in_ack_event - cwnd=49, recv_wnd=44, snd_wnd=608
[10099.381031] TCPLog: cong_avoid - cwnd=49
[10099.382639] TCPLog: in_ack_event - cwnd=50, recv_wnd=44, snd_wnd=610
[10099.382662] TCPLog: cong_avoid - cwnd=50
[10099.382676] TCPLog: in_ack_event - cwnd=50, recv_wnd=44, snd_wnd=612
[10099.382682] TCPLog: cong_avoid - cwnd=50
[10099.382689] TCPLog: in_ack_event - cwnd=50, recv_wnd=44, snd_wnd=614
[10099.382695] TCPLog: cong_avoid - cwnd=50
[10099.383508] TCPLog: in_ack_event - cwnd=50, recv_wnd=44, snd_wnd=616
[10099.383522] TCPLog: cong_avoid - cwnd=50
[10099.384241] TCPLog: in_ack_event - cwnd=50, recv_wnd=44, snd_wnd=618
[10099.384269] TCPLog: cong_avoid - cwnd=50
[10099.385771] TCPLog: in_ack_event - cwnd=50, recv_wnd=44, snd_wnd=620
[10099.385798] TCPLog: cong_avoid - cwnd=50
[10099.385827] TCPLog: in_ack_event - cwnd=50, recv_wnd=44, snd_wnd=622
[10099.385841] TCPLog: cong_avoid - cwnd=50
[10099.386709] TCPLog: in_ack_event - cwnd=50, recv_wnd=44, snd_wnd=624
[10099.386723] TCPLog: cong_avoid - cwnd=50
[10099.386737] TCPLog: in_ack_event - cwnd=50, recv_wnd=44, snd_wnd=626
[10099.386743] TCPLog: cong_avoid - cwnd=50
[10099.388079] TCPLog: in_ack_event - cwnd=50, recv_wnd=44, snd_wnd=628
[10099.388093] TCPLog: cong_avoid - cwnd=50
[10099.388112] TCPLog: in_ack_event - cwnd=50, recv_wnd=44, snd_wnd=630
[10099.388118] TCPLog: cong_avoid - cwnd=50
[10099.388278] TCPLog: in_ack_event - cwnd=50, recv_wnd=44, snd_wnd=632
[10099.388303] TCPLog: cong_avoid - cwnd=50
[10099.390311] TCPLog: in_ack_event - cwnd=50, recv_wnd=44, snd_wnd=634
[10099.390326] TCPLog: cong_avoid - cwnd=50
[10099.390339] TCPLog: in_ack_event - cwnd=50, recv_wnd=44, snd_wnd=636
[10099.390344] TCPLog: cong_avoid - cwnd=50
[10099.390349] TCPLog: in_ack_event - cwnd=50, recv_wnd=44, snd_wnd=638
[10099.390355] TCPLog: cong_avoid - cwnd=50
[10099.392510] TCPLog: in_ack_event - cwnd=50, recv_wnd=44, snd_wnd=640
[10099.392524] TCPLog: cong_avoid - cwnd=50
[10099.392538] TCPLog: in_ack_event - cwnd=50, recv_wnd=44, snd_wnd=642
[10099.392544] TCPLog: cong_avoid - cwnd=50
[10099.392548] TCPLog: in_ack_event - cwnd=50, recv_wnd=44, snd_wnd=644
[10099.392556] TCPLog: cong_avoid - cwnd=50
[10099.393793] TCPLog: in_ack_event - cwnd=50, recv_wnd=44, snd_wnd=646
[10099.393808] TCPLog: cong_avoid - cwnd=50
[10099.393890] TCPLog: in_ack_event - cwnd=50, recv_wnd=44, snd_wnd=648
[10099.393899] TCPLog: cong_avoid - cwnd=50
[10099.395039] TCPLog: in_ack_event - cwnd=50, recv_wnd=44, snd_wnd=650
[10099.395058] TCPLog: cong_avoid - cwnd=50
[10099.395085] TCPLog: in_ack_event - cwnd=50, recv_wnd=44, snd_wnd=652
[10099.395098] TCPLog: cong_avoid - cwnd=50
[10099.395976] TCPLog: in_ack_event - cwnd=50, recv_wnd=44, snd_wnd=654
[10099.395990] TCPLog: cong_avoid - cwnd=50
[10099.396004] TCPLog: in_ack_event - cwnd=50, recv_wnd=44, snd_wnd=656
[10099.396012] TCPLog: cong_avoid - cwnd=50
[10099.396955] TCPLog: in_ack_event - cwnd=50, recv_wnd=44, snd_wnd=658
[10099.396969] TCPLog: cong_avoid - cwnd=50
[10099.397707] TCPLog: in_ack_event - cwnd=50, recv_wnd=44, snd_wnd=660
[10099.397722] TCPLog: cong_avoid - cwnd=50
[10099.397728] TCPLog: in_ack_event - cwnd=50, recv_wnd=44, snd_wnd=662
[10099.397733] TCPLog: cong_avoid - cwnd=50
[10099.398602] TCPLog: in_ack_event - cwnd=50, recv_wnd=44, snd_wnd=664
[10099.398615] TCPLog: cong_avoid - cwnd=50
[10099.399268] TCPLog: in_ack_event - cwnd=50, recv_wnd=44, snd_wnd=666
[10099.399286] TCPLog: cong_avoid - cwnd=50
[10099.400458] TCPLog: in_ack_event - cwnd=50, recv_wnd=44, snd_wnd=669
[10099.400472] TCPLog: cong_avoid - cwnd=50
[10099.400485] TCPLog: in_ack_event - cwnd=50, recv_wnd=44, snd_wnd=671
[10099.400491] TCPLog: cong_avoid - cwnd=50
[10099.401777] TCPLog: in_ack_event - cwnd=50, recv_wnd=44, snd_wnd=673
[10099.401797] TCPLog: cong_avoid - cwnd=50
[10099.401812] TCPLog: in_ack_event - cwnd=50, recv_wnd=44, snd_wnd=675
[10099.401818] TCPLog: cong_avoid - cwnd=50
[10099.402080] TCPLog: in_ack_event - cwnd=50, recv_wnd=44, snd_wnd=677
[10099.402095] TCPLog: cong_avoid - cwnd=50
[10099.402692] TCPLog: in_ack_event - cwnd=50, recv_wnd=44, snd_wnd=679
[10099.402707] TCPLog: cong_avoid - cwnd=50
[10099.403444] TCPLog: in_ack_event - cwnd=50, recv_wnd=44, snd_wnd=681
[10099.403458] TCPLog: cong_avoid - cwnd=50
[10099.404786] TCPLog: in_ack_event - cwnd=50, recv_wnd=44, snd_wnd=683
[10099.404800] TCPLog: cong_avoid - cwnd=50
[10099.404813] TCPLog: in_ack_event - cwnd=50, recv_wnd=44, snd_wnd=685
[10099.404820] TCPLog: cong_avoid - cwnd=50
[10099.406067] TCPLog: in_ack_event - cwnd=50, recv_wnd=44, snd_wnd=687
[10099.406081] TCPLog: cong_avoid - cwnd=50
[10099.406094] TCPLog: in_ack_event - cwnd=50, recv_wnd=44, snd_wnd=689
[10099.406100] TCPLog: cong_avoid - cwnd=50
[10099.406965] TCPLog: in_ack_event - cwnd=50, recv_wnd=44, snd_wnd=691
[10099.406979] TCPLog: cong_avoid - cwnd=50
[10099.407549] TCPLog: in_ack_event - cwnd=50, recv_wnd=44, snd_wnd=693
[10099.407563] TCPLog: cong_avoid - cwnd=50
[10099.407592] TCPLog: in_ack_event - cwnd=50, recv_wnd=44, snd_wnd=695
[10099.407600] TCPLog: cong_avoid - cwnd=50
[10099.409436] TCPLog: in_ack_event - cwnd=50, recv_wnd=44, snd_wnd=697
[10099.409449] TCPLog: cong_avoid - cwnd=50
[10099.409455] TCPLog: in_ack_event - cwnd=50, recv_wnd=44, snd_wnd=699
[10099.409460] TCPLog: cong_avoid - cwnd=50
[10099.409464] TCPLog: in_ack_event - cwnd=50, recv_wnd=44, snd_wnd=701
[10099.409469] TCPLog: cong_avoid - cwnd=50
[10099.410936] TCPLog: in_ack_event - cwnd=50, recv_wnd=44, snd_wnd=703
[10099.410951] TCPLog: cong_avoid - cwnd=50
[10099.410956] TCPLog: in_ack_event - cwnd=50, recv_wnd=44, snd_wnd=705
[10099.410961] TCPLog: cong_avoid - cwnd=50
[10099.412525] TCPLog: in_ack_event - cwnd=50, recv_wnd=44, snd_wnd=707
[10099.412539] TCPLog: cong_avoid - cwnd=50
[10099.412544] TCPLog: in_ack_event - cwnd=50, recv_wnd=44, snd_wnd=709
[10099.412548] TCPLog: cong_avoid - cwnd=50
[10099.413681] TCPLog: in_ack_event - cwnd=51, recv_wnd=44, snd_wnd=711
[10099.413695] TCPLog: cong_avoid - cwnd=51
[10099.413700] TCPLog: in_ack_event - cwnd=51, recv_wnd=44, snd_wnd=713
[10099.413704] TCPLog: cong_avoid - cwnd=51
[10099.413709] TCPLog: in_ack_event - cwnd=51, recv_wnd=44, snd_wnd=715
[10099.413714] TCPLog: cong_avoid - cwnd=51
[10099.415404] TCPLog: in_ack_event - cwnd=51, recv_wnd=44, snd_wnd=717
[10099.415418] TCPLog: cong_avoid - cwnd=51
[10099.415423] TCPLog: in_ack_event - cwnd=51, recv_wnd=44, snd_wnd=719
[10099.415427] TCPLog: cong_avoid - cwnd=51
[10099.416656] TCPLog: in_ack_event - cwnd=51, recv_wnd=44, snd_wnd=721
[10099.416696] TCPLog: cong_avoid - cwnd=51
[10099.416707] TCPLog: in_ack_event - cwnd=51, recv_wnd=44, snd_wnd=723
[10099.416718] TCPLog: cong_avoid - cwnd=51
[10099.417961] TCPLog: in_ack_event - cwnd=51, recv_wnd=44, snd_wnd=725
[10099.417975] TCPLog: cong_avoid - cwnd=51
[10099.417980] TCPLog: in_ack_event - cwnd=51, recv_wnd=44, snd_wnd=727
[10099.417984] TCPLog: cong_avoid - cwnd=51
[10099.417988] TCPLog: in_ack_event - cwnd=51, recv_wnd=44, snd_wnd=729
[10099.417993] TCPLog: cong_avoid - cwnd=51
[10099.419421] TCPLog: in_ack_event - cwnd=51, recv_wnd=44, snd_wnd=731
[10099.419435] TCPLog: cong_avoid - cwnd=51
[10099.419440] TCPLog: in_ack_event - cwnd=51, recv_wnd=44, snd_wnd=733
[10099.419445] TCPLog: cong_avoid - cwnd=51
[10099.420986] TCPLog: in_ack_event - cwnd=51, recv_wnd=44, snd_wnd=735
[10099.420999] TCPLog: cong_avoid - cwnd=51
[10099.421004] TCPLog: in_ack_event - cwnd=51, recv_wnd=44, snd_wnd=737
[10099.421010] TCPLog: cong_avoid - cwnd=51
[10099.421016] TCPLog: in_ack_event - cwnd=51, recv_wnd=44, snd_wnd=739
[10099.421022] TCPLog: cong_avoid - cwnd=51
[10099.422578] TCPLog: in_ack_event - cwnd=51, recv_wnd=44, snd_wnd=741
[10099.422610] TCPLog: cong_avoid - cwnd=51
[10099.422621] TCPLog: in_ack_event - cwnd=51, recv_wnd=44, snd_wnd=743
[10099.422631] TCPLog: cong_avoid - cwnd=51
[10099.423987] TCPLog: in_ack_event - cwnd=51, recv_wnd=44, snd_wnd=745
[10099.424002] TCPLog: cong_avoid - cwnd=51
[10099.424008] TCPLog: in_ack_event - cwnd=51, recv_wnd=44, snd_wnd=747
[10099.424012] TCPLog: cong_avoid - cwnd=51
[10099.425203] TCPLog: in_ack_event - cwnd=51, recv_wnd=44, snd_wnd=749
[10099.425235] TCPLog: cong_avoid - cwnd=51
[10099.425246] TCPLog: in_ack_event - cwnd=51, recv_wnd=44, snd_wnd=751
[10099.425257] TCPLog: cong_avoid - cwnd=51
[10099.425268] TCPLog: in_ack_event - cwnd=51, recv_wnd=44, snd_wnd=753
[10099.425277] TCPLog: cong_avoid - cwnd=51
[10099.426939] TCPLog: in_ack_event - cwnd=51, recv_wnd=44, snd_wnd=755
[10099.426955] TCPLog: cong_avoid - cwnd=51
[10099.426960] TCPLog: in_ack_event - cwnd=51, recv_wnd=44, snd_wnd=757
[10099.426965] TCPLog: cong_avoid - cwnd=51
[10099.428173] TCPLog: in_ack_event - cwnd=51, recv_wnd=44, snd_wnd=759
[10099.428200] TCPLog: cong_avoid - cwnd=51
[10099.428210] TCPLog: in_ack_event - cwnd=51, recv_wnd=44, snd_wnd=761
[10099.428220] TCPLog: cong_avoid - cwnd=51
[10099.429336] TCPLog: in_ack_event - cwnd=51, recv_wnd=44, snd_wnd=763
[10099.429351] TCPLog: cong_avoid - cwnd=51
[10099.429356] TCPLog: in_ack_event - cwnd=51, recv_wnd=44, snd_wnd=765
[10099.429360] TCPLog: cong_avoid - cwnd=51
[10099.430717] TCPLog: in_ack_event - cwnd=51, recv_wnd=44, snd_wnd=768
[10099.430749] TCPLog: cong_avoid - cwnd=51
[10099.430760] TCPLog: in_ack_event - cwnd=51, recv_wnd=44, snd_wnd=769
[10099.430770] TCPLog: cong_avoid - cwnd=51
[10099.431879] TCPLog: in_ack_event - cwnd=51, recv_wnd=44, snd_wnd=772
[10099.431902] TCPLog: cong_avoid - cwnd=51
[10099.431913] TCPLog: in_ack_event - cwnd=51, recv_wnd=44, snd_wnd=774
[10099.431925] TCPLog: cong_avoid - cwnd=51
[10099.433191] TCPLog: in_ack_event - cwnd=51, recv_wnd=44, snd_wnd=776
[10099.433204] TCPLog: cong_avoid - cwnd=51
[10099.433208] TCPLog: in_ack_event - cwnd=51, recv_wnd=44, snd_wnd=778
[10099.433213] TCPLog: cong_avoid - cwnd=51
[10099.433218] TCPLog: in_ack_event - cwnd=51, recv_wnd=44, snd_wnd=780
[10099.433224] TCPLog: cong_avoid - cwnd=51
[10099.434661] TCPLog: in_ack_event - cwnd=51, recv_wnd=44, snd_wnd=782
[10099.434690] TCPLog: cong_avoid - cwnd=51
[10099.434700] TCPLog: in_ack_event - cwnd=51, recv_wnd=44, snd_wnd=784
[10099.434710] TCPLog: cong_avoid - cwnd=51
[10099.436202] TCPLog: in_ack_event - cwnd=51, recv_wnd=44, snd_wnd=786
[10099.436217] TCPLog: cong_avoid - cwnd=51
[10099.436222] TCPLog: in_ack_event - cwnd=51, recv_wnd=44, snd_wnd=788
[10099.436228] TCPLog: cong_avoid - cwnd=51
[10099.437467] TCPLog: in_ack_event - cwnd=51, recv_wnd=44, snd_wnd=790
[10099.437480] TCPLog: cong_avoid - cwnd=51
[10099.437485] TCPLog: in_ack_event - cwnd=51, recv_wnd=44, snd_wnd=792
[10099.437489] TCPLog: cong_avoid - cwnd=51
[10099.437495] TCPLog: in_ack_event - cwnd=51, recv_wnd=44, snd_wnd=794
[10099.437501] TCPLog: cong_avoid - cwnd=51
[10099.438566] TCPLog: in_ack_event - cwnd=51, recv_wnd=44, snd_wnd=796
[10099.438597] TCPLog: cong_avoid - cwnd=51
[10099.438609] TCPLog: in_ack_event - cwnd=51, recv_wnd=44, snd_wnd=796
[10099.438647] TCPLog: in_ack_event - cwnd=51, recv_wnd=44, snd_wnd=796
[10099.455442] TCPLog: in_ack_event - cwnd=51, recv_wnd=44, snd_wnd=796
[10099.455456] TCPLog: cong_avoid - cwnd=51
